9,فاتورة بضاعة أول المدة,2026-01-01,Store BR,مستودع تصوير TASWEER,SQ500,1,0,1,39.74,0,39.74,بضاعة أول المدة مولدة من عملية التدوير 01/01/2026,Black,37
202600003,فاتورة تسوية سالبة,2026-02-09,Store BR,مستودع تصوير TASWEER,SQ500,0,1,0,0,39.74,39.74,تسوية جردية بتاريخ 09/02/2026 تم إزالة 2,Black,37
9,فاتورة بضاعة أول المدة,2026-01-01,Store BR,مستودع تصوير TASWEER,SQ500,1,0,1,39.74,0,39.74,بضاعة أول المدة مولدة من عملية التدوير 01/01/2026,Gold,37
202600003,فاتورة تسوية سالبة,2026-02-09,Store BR,مستودع تصوير TASWEER,SQ500,0,1,0,0,39.74,39.74,تسوية جردية بتاريخ 09/02/2026 تم إزالة 2,Gold,37
202600247,فاتورة الإدخال,2026-04-04,AJMAN INDUSTRIAL AREA BR,مستودع عجمان الصناعية,QSQ595,1,0,1,32.4,0,32.4,2,Black,36
202600256,فاتورة الإدخال,2026-04-10,AJMAN INDUSTRIAL AREA BR,مستودع عجمان الصناعية,QSQ595,2,0,3,32.4,0,32.4,AJMAN INDUSTRAL   5 TAPE,Black,36
202607188,فاتورة مبيعات سعر المبيع,2026-07-10,AJMAN INDUSTRIAL AREA BR,مستودع عجمان الصناعية,QSQ595,0,1,2,0,185.71,32.4,,Black,36
2,فاتورة بضاعة أول المدة,2026-01-01,AJMAN INDUSTRIAL AREA BR,مستودع عجمان الصناعية,QSQ595,1,0,1,30.8,0,30.8,بضاعة أول المدة مولدة من عملية التدوير 01/01/2026,Black,37
202600247,فاتورة الإدخال,2026-04-04,AJMAN INDUSTRIAL AREA BR,مستودع عجمان الصناعية,QSQ595,2,0,3,32.4,0,31.87,2,Black,37
202600256,فاتورة الإدخال,2026-04-10,AJMAN INDUSTRIAL AREA BR,مستودع عجمان الصناعية,QSQ595,2,0,5,32.4,0,32.08,AJMAN INDUSTRAL   5 TAPE,Black,37
2,فاتورة بضاعة أول المدة,2026-01-01,AJMAN INDUSTRIAL AREA BR,مستودع عجمان الصناعية,QSQ595,2,0,2,30.8,0,30.8,بضاعة أول المدة مولدة من عملية التدوير 01/01/2026,Black,38
202600247,فاتورة الإدخال,2026-04-04,AJMAN INDUSTRIAL AREA BR,مستودع عجمان الصناعية,QSQ595,3,0,5,32.4,0,31.76,2,Black,38
202600256,فاتورة الإدخال,2026-04-10,AJMAN INDUSTRIAL AREA BR,مستودع عجمان الصناعية,QSQ595,4,0,9,32.4,0,32.05,AJMAN INDUSTRAL   5 TAPE,Black,38
2,فاتورة بضاعة أول المدة,2026-01-01,AJMAN INDUSTRIAL AREA BR,مستودع عجمان الصناعية,QSQ595,5,0,5,30.8,0,30.8,بضاعة أول المدة مولدة من عملية التدوير 01/01/2026,Black,39
202600247,فاتورة الإدخال,2026-04-04,AJMAN INDUSTRIAL AREA BR,مستودع عجمان الصناعية,QSQ595,2,0,7,32.4,0,31.26,2,Black,39
202600256,فاتورة الإدخال,2026-04-10,AJMAN INDUSTRIAL AREA BR,مستودع عجمان الصناعية,QSQ595,7,0,14,32.4,0,31.83,AJMAN INDUSTRAL   5 TAPE,Black,39
2,فاتورة بضاعة أول المدة,2026-01-01,AJMAN INDUSTRIAL AREA BR,مستودع عجمان الصناعية,QSQ595,1,0,1,30.8,0,30.8,بضاعة أول المدة مولدة من عملية التدوير 01/01/2026,Black,40
202600256,فاتورة الإدخال,2026-04-10,AJMAN INDUSTRIAL AREA BR,مستودع عجمان الصناعية,QSQ595,4,0,5,32.4,0,32.08,AJMAN INDUSTRAL   5 TAPE,Black,40
202600256,فاتورة الإدخال,2026-04-10,AJMAN INDUSTRIAL AREA BR,مستودع عجمان الصناعية,QSQ595,1,0,1,32.4,0,32.4,AJMAN INDUSTRAL   5 TAPE,Black,41
2,فاتورة بضاعة أول المدة,2026-01-01,AJMAN INDUSTRIAL AREA BR,مستودع عجمان الصناعية,QSQ595,1,0,1,30.8,0,30.8,بضاعة أول المدة مولدة من عملية التدوير 01/01/2026,Silver,37
202601735,فاتورة مبيعات سعر المبيع,2026-02-27,AJMAN INDUSTRIAL AREA BR,مستودع عجمان الصناعية,QSQ595,0,1,0,0,185.71,30.8,,Silver,37
202600247,فاتورة الإدخال,2026-04-04,AJMAN INDUSTRIAL AREA BR,مستودع عجمان الصناعية,QSQ595,1,0,1,32.4,0,32.4,2,Silver,37
202600256,فاتورة الإدخال,2026-04-10,AJMAN INDUSTRIAL AREA BR,مستودع عجمان الصناعية,QSQ595,1,0,2,32.4,0,32.4,AJMAN INDUSTRAL   5 TAPE,Silver,37
202600256,فاتورة الإدخال,2026-04-10,AJMAN INDUSTRIAL AREA BR,مستودع عجمان الصناعية,QSQ595,1,0,1,32.4,0,32.4,AJMAN INDUSTRAL   5 TAPE,Silver,38
202607629,فاتورة مبيعات سعر المبيع,2026-08-03,AJMAN INDUSTRIAL AREA BR,مستودع عجمان الصناعية,QSQ595,0,1,0,0,166.67,32.4,خصم الزبونة 20 درهم بسبب سوبر غلو,Silver,38
202600256,فاتورة الإدخال,2026-04-10,AJMAN INDUSTRIAL AREA BR,مستودع عجمان الصناعية,QSQ595,1,0,1,32.4,0,32.4,AJMAN INDUSTRAL   5 TAPE,Silver,39
202600256,فاتورة الإدخال,2026-04-10,AJMAN INDUSTRIAL AREA BR,مستودع عجمان الصناعية,QSQ595,1,0,1,32.4,0,32.4,AJMAN INDUSTRAL   5 TAPE,Silver,40
202604858,فاتورة مبيعات سعر المبيع,2026-05-01,AJMAN INDUSTRIAL AREA BR,مستودع عجمان الصناعية,QSQ595,0,1,0,0,185.71,32.4,502122025,Silver,40
2,فاتورة بضاعة أول المدة,2026-01-01,AJMAN INDUSTRIAL AREA BR,مستودع عجمان الصناعية,QSQ595,1,0,1,30.8,0,30.8,بضاعة أول المدة مولدة من عملية التدوير 01/01/2026,Gold,37
202601442,فاتورة مبيعات سعر المبيع,2026-02-21,AJMAN INDUSTRIAL AREA BR,مستودع عجمان الصناعية,QSQ595,0,1,0,0,185.71,30.8,,Gold,37
202600256,فاتورة الإدخال,2026-04-10,AJMAN INDUSTRIAL AREA BR,مستودع عجمان الصناعية,QSQ595,1,0,1,32.4,0,32.4,AJMAN INDUSTRAL   5 TAPE,Gold,38
202600256,فاتورة الإدخال,2026-04-10,AJMAN INDUSTRIAL AREA BR,مستودع عجمان الصناعية,QSQ595,1,0,1,32.4,0,32.4,AJMAN INDUSTRAL   5 TAPE,Gold,39
202604588,فاتورة مبيعات سعر المبيع,2026-04-16,AJMAN INDUSTRIAL AREA BR,مستودع عجمان الصناعية,QSQ595,0,1,0,0,185.71,32.4,,Gold,39
2,فاتورة بضاعة أول المدة,2026-01-01,AJMAN INDUSTRIAL AREA BR,مستودع عجمان الصناعية,QSQ595,1,0,1,20.4,0,20.4,بضاعة أول المدة مولدة من عملية التدوير 01/01/2026,Gold,40
202600154,فاتورة مبيعات سعر المبيع,2026-01-07,AJMAN INDUSTRIAL AREA BR,مستودع عجمان الصناعية,QSQ595,0,1,0,0,185.71,20.4,,Gold,40
202600256,فاتورة الإدخال,2026-04-10,AJMAN INDUSTRIAL AREA BR,مستودع عجمان الصناعية,QSQ595,1,0,1,32.4,0,32.4,AJMAN INDUSTRAL   5 TAPE,Gold,40
2,فاتورة بضاعة أول المدة,2026-01-01,AJMAN INDUSTRIAL AREA BR,مستودع عجمان الصناعية,QSQ595,1,0,1,30.8,0,30.8,بضاعة أول المدة مولدة من عملية التدوير 01/01/2026,Gold,41
202600028,فاتورة مبيعات سعر المبيع,2026-01-02,AJMAN INDUSTRIAL AREA BR,مستودع عجمان الصناعية,QSQ595,0,1,0,0,185.71,30.8,,Gold,41
202600247,فاتورة الإدخال,2026-04-04,AJMAN INDUSTRIAL AREA BR,مستودع عجمان الصناعية,QSQ595,1,0,1,32.4,0,32.4,2,Gold,41
2,فاتورة بضاعة أول المدة,2026-01-01,ETIHAD Mall BR,مستودع الاتحاد مول,QSQ595,1,0,1,32.4,0,32.4,بضاعة أول المدة مولدة من عملية التدوير 01/01/2026,Black,36
202600130,فاتورة الإخراج,2026-03-25,ETIHAD Mall BR,مستودع الاتحاد مول,QSQ595,0,1,0,0,32.4,32.4,Al Zahia (1 tape),Black,36
2,فاتورة بضاعة أول المدة,2026-01-01,ETIHAD Mall BR,مستودع الاتحاد مول,QSQ595,3,0,3,32.4,0,32.4,بضاعة أول المدة مولدة من عملية التدوير 01/01/2026,Black,38
202600633,فاتورة مبيعات سعر التوزيع,2026-02-12,ETIHAD Mall BR,مستودع الاتحاد مول,QSQ595,0,1,2,0,185.71,32.4,,Black,38
202600969,فاتورة مبيعات سعر التوزيع,2026-03-04,ETIHAD Mall BR,مستودع الاتحاد مول,QSQ595,0,1,1,0,185.71,32.4,,Black,38
202601579,فاتورة مبيعات سعر التوزيع,2026-03-16,ETIHAD Mall BR,مستودع الاتحاد مول,QSQ595,0,1,0,0,185.71,32.4,,Black,38
2,فاتورة بضاعة أول المدة,2026-01-01,ETIHAD Mall BR,مستودع الاتحاد مول,QSQ595,3,0,3,32.4,0,32.4,بضاعة أول المدة مولدة من عملية التدوير 01/01/2026,Black,39
202600330,فاتورة مبيعات سعر التوزيع,2026-01-24,ETIHAD Mall BR,مستودع الاتحاد مول,QSQ595,0,1,2,0,185.71,32.4,,Black,39
202600130,فاتورة الإخراج,2026-03-25,ETIHAD Mall BR,مستودع الاتحاد مول,QSQ595,0,2,0,0,32.4,32.4,Al Zahia (1 tape),Black,39
2,فاتورة بضاعة أول المدة,2026-01-01,ETIHAD Mall BR,مستودع الاتحاد مول,QSQ595,2,0,2,32.4,0,32.4,بضاعة أول المدة مولدة من عملية التدوير 01/01/2026,Black,40
202600130,فاتورة الإخراج,2026-03-25,ETIHAD Mall BR,مستودع الاتحاد مول,QSQ595,0,2,0,0,32.4,32.4,Al Zahia (1 tape),Black,40
2,فاتورة بضاعة أول المدة,2026-01-01,ETIHAD Mall BR,مستودع الاتحاد مول,QSQ595,1,0,1,32.4,0,32.4,بضاعة أول المدة مولدة من عملية التدوير 01/01/2026,Black,41
202600320,فاتورة مبيعات سعر التوزيع,2026-01-24,ETIHAD Mall BR,مستودع الاتحاد مول,QSQ595,0,1,0,0,185.71,32.4,,Black,41
2,فاتورة بضاعة أول المدة,2026-01-01,ETIHAD Mall BR,مستودع الاتحاد مول,QSQ595,1,0,1,32.4,0,32.4,بضاعة أول المدة مولدة من عملية التدوير 01/01/2026,Silver,36
202600011,فاتورة مبيعات سعر التوزيع,2026-01-01,ETIHAD Mall BR,مستودع الاتحاد مول,QSQ595,0,1,0,0,185.71,32.4,,Silver,36
2,فاتورة بضاعة أول المدة,2026-01-01,ETIHAD Mall BR,مستودع الاتحاد مول,QSQ595,1,0,1,32.4,0,32.4,بضاعة أول المدة مولدة من عملية التدوير 01/01/2026,Silver,38
202600298,فاتورة مبيعات سعر التوزيع,2026-01-23,ETIHAD Mall BR,مستودع الاتحاد مول,QSQ595,0,1,0,0,185.71,32.4,9.71503E+11,Silver,38
2,فاتورة بضاعة أول المدة,2026-01-01,ETIHAD Mall BR,مستودع الاتحاد مول,QSQ595,1,0,1,32.4,0,32.4,بضاعة أول المدة مولدة من عملية التدوير 01/01/2026,Silver,39
202601710,فاتورة مبيعات سعر التوزيع,2026-03-17,ETIHAD Mall BR,مستودع الاتحاد مول,QSQ595,0,1,0,0,185.71,32.4,,Silver,39
2,فاتورة بضاعة أول المدة,2026-01-01,ETIHAD Mall BR,مستودع الاتحاد مول,QSQ595,1,0,1,32.4,0,32.4,بضاعة أول المدة مولدة من عملية التدوير 01/01/2026,Gold,36
202600026,فاتورة مبيعات سعر التوزيع,2026-01-02,ETIHAD Mall BR,مستودع الاتحاد مول,QSQ595,0,1,0,0,185.71,32.4,,Gold,36
2,فاتورة بضاعة أول المدة,2026-01-01,ETIHAD Mall BR,مستودع الاتحاد مول,QSQ595,1,0,1,32.4,0,32.4,بضاعة أول المدة مولدة من عملية التدوير 01/01/2026,Gold,38
202600130,فاتورة الإخراج,2026-03-25,ETIHAD Mall BR,مستودع الاتحاد مول,QSQ595,0,1,0,0,32.4,32.4,Al Zahia (1 tape),Gold,38
2,فاتورة بضاعة أول المدة,2026-01-01,ETIHAD Mall BR,مستودع الاتحاد مول,QSQ595,1,0,1,32.4,0,32.4,بضاعة أول المدة مولدة من عملية التدوير 01/01/2026,Gold,39
202600130,فاتورة الإخراج,2026-03-25,ETIHAD Mall BR,مستودع الاتحاد مول,QSQ595,0,1,0,0,32.4,32.4,Al Zahia (1 tape),Gold,39
2,فاتورة بضاعة أول المدة,2026-01-01,ETIHAD Mall BR,مستودع الاتحاد مول,QSQ595,1,0,1,32.4,0,32.4,بضاعة أول المدة مولدة من عملية التدوير 01/01/2026,Gold,40
202600130,فاتورة الإخراج,2026-03-25,ETIHAD Mall BR,مستودع الاتحاد مول,QSQ595,0,1,0,0,32.4,32.4,Al Zahia (1 tape),Gold,40
2,فاتورة بضاعة أول المدة,2026-01-01,ETIHAD Mall BR,مستودع الاتحاد مول,QSQ595,1,0,1,32.4,0,32.4,بضاعة أول المدة مولدة من عملية التدوير 01/01/2026,Gold,41
202600298,فاتورة مبيعات سعر التوزيع,2026-01-23,ETIHAD Mall BR,مستودع الاتحاد مول,QSQ595,0,1,0,0,185.71,32.4,9.71503E+11,Gold,41
2,فاتورة بضاعة أول المدة,2026-01-01,RAS ALKHIMA BR,مستودع تورينو راس الخيمة,QSQ595,1,0,1,32.4,0,32.4,بضاعة أول المدة مولدة من عملية التدوير 01/01/2026,Black,36
2,فاتورة بضاعة أول المدة,2026-01-01,RAS ALKHIMA BR,مستودع تورينو راس الخيمة,QSQ595,1,0,1,32.4,0,32.4,بضاعة أول المدة مولدة من عملية التدوير 01/01/2026,Black,37
202600229,فاتورة الإدخال,2026-04-08,RAS ALKHIMA BR,مستودع تورينو راس الخيمة,QSQ595,2,0,3,32.4,0,32.4,RAS ALKHIMA 1 TAPE 5 PCS,Black,37
202604537,فاتورة مبيعات سعر المبيع,2026-05-02,RAS ALKHIMA BR,مستودع تورينو راس الخيمة,QSQ595,0,1,2,0,185.71,32.4,,Black,37
2,فاتورة بضاعة أول المدة,2026-01-01,RAS ALKHIMA BR,مستودع تورينو راس الخيمة,QSQ595,3,0,3,32.4,0,32.4,بضاعة أول المدة مولدة من عملية التدوير 01/01/2026,Black,38
202600757,فاتورة مبيعات سعر المبيع,2026-01-31,RAS ALKHIMA BR,مستودع تورينو راس الخيمة,QSQ595,0,1,2,0,185.71,32.4,,Black,38
202600229,فاتورة الإدخال,2026-04-08,RAS ALKHIMA BR,مستودع تورينو راس الخيمة,QSQ595,1,0,3,32.4,0,32.4,RAS ALKHIMA 1 TAPE 5 PCS,Black,38
202606911,فاتورة مبيعات سعر المبيع,2026-08-08,RAS ALKHIMA BR,مستودع تورينو راس الخيمة,QSQ595,0,1,2,0,185.71,32.4,9.71502E+11,Black,38
2,فاتورة بضاعة أول المدة,2026-01-01,RAS ALKHIMA BR,مستودع تورينو راس الخيمة,QSQ595,3,0,3,32.4,0,32.4,بضاعة أول المدة مولدة من عملية التدوير 01/01/2026,Black,39
202600229,فاتورة الإدخال,2026-04-08,RAS ALKHIMA BR,مستودع تورينو راس الخيمة,QSQ595,1,0,4,32.4,0,32.4,RAS ALKHIMA 1 TAPE 5 PCS,Black,39
202606490,فاتورة مبيعات سعر المبيع,2026-07-06,RAS ALKHIMA BR,مستودع تورينو راس الخيمة,QSQ595,0,1,3,0,185.71,32.4,,Black,39
2,فاتورة بضاعة أول المدة,2026-01-01,RAS ALKHIMA BR,مستودع تورينو راس الخيمة,QSQ595,1,0,1,32.4,0,32.4,بضاعة أول المدة مولدة من عملية التدوير 01/01/2026,Black,40
202600229,فاتورة الإدخال,2026-04-08,RAS ALKHIMA BR,مستودع تورينو راس الخيمة,QSQ595,1,0,2,32.4,0,32.4,RAS ALKHIMA 1 TAPE 5 PCS,Black,40
202604198,فاتورة مبيعات سعر المبيع,2026-04-08,RAS ALKHIMA BR,مستودع تورينو راس الخيمة,QSQ595,0,1,1,0,185.71,32.4,9.7157E+11,Black,40
2,فاتورة بضاعة أول المدة,2026-01-01,RAS ALKHIMA BR,مستودع تورينو راس الخيمة,QSQ595,1,0,1,32.4,0,32.4,بضاعة أول المدة مولدة من عملية التدوير 01/01/2026,Black,41
202601963,فاتورة مبيعات سعر المبيع,2026-03-05,RAS ALKHIMA BR,مستودع تورينو راس الخيمة,QSQ595,0,1,0,0,185.71,32.4,,Black,41
2,فاتورة بضاعة أول المدة,2026-01-01,RAS ALKHIMA BR,مستودع تورينو راس الخيمة,QSQ595,1,0,1,32.4,0,32.4,بضاعة أول المدة مولدة من عملية التدوير 01/01/2026,Silver,37
2,فاتورة بضاعة أول المدة,2026-01-01,RAS ALKHIMA BR,مستودع تورينو راس الخيمة,QSQ595,1,0,1,32.4,0,32.4,بضاعة أول المدة مولدة من عملية التدوير 01/01/2026,Silver,38
202606249,فاتورة مبيعات سعر المبيع,2026-06-20,RAS ALKHIMA BR,مستودع تورينو راس الخيمة,QSQ595,0,1,0,0,185.71,32.4,,Silver,38
2,فاتورة بضاعة أول المدة,2026-01-01,RAS ALKHIMA BR,مستودع تورينو راس الخيمة,QSQ595,1,0,1,32.4,0,32.4,بضاعة أول المدة مولدة من عملية التدوير 01/01/2026,Silver,40
202606513,فاتورة مبيعات سعر المبيع,2026-07-08,RAS ALKHIMA BR,مستودع تورينو راس الخيمة,QSQ595,0,1,0,0,185.71,32.4,,Silver,40
2,فاتورة بضاعة أول المدة,2026-01-01,RAS ALKHIMA BR,مستودع تورينو راس الخيمة,QSQ595,1,0,1,32.4,0,32.4,بضاعة أول المدة مولدة من عملية التدوير 01/01/2026,Silver,41
2,فاتورة بضاعة أول المدة,2026-01-01,RAS ALKHIMA BR,مستودع تورينو راس الخيمة,QSQ595,1,0,1,32.4,0,32.4,بضاعة أول المدة مولدة من عملية التدوير 01/01/2026,Gold,36
2,فاتورة بضاعة أول المدة,2026-01-01,RAS ALKHIMA BR,مستودع تورينو راس الخيمة,QSQ595,1,0,1,32.4,0,32.4,بضاعة أول المدة مولدة من عملية التدوير 01/01/2026,Gold,37
202605272,فاتورة مبيعات سعر المبيع,2026-05-23,RAS ALKHIMA BR,مستودع تورينو راس الخيمة,QSQ595,0,1,0,0,185.71,32.4,,Gold,37
2,فاتورة بضاعة أول المدة,2026-01-01,RAS ALKHIMA BR,مستودع تورينو راس الخيمة,QSQ595,1,0,1,32.4,0,32.4,بضاعة أول المدة مولدة من عملية التدوير 01/01/2026,Gold,38
202605731,فاتورة مبيعات سعر المبيع,2026-05-25,RAS ALKHIMA BR,مستودع تورينو راس الخيمة,QSQ595,0,1,0,0,185.71,32.4,,Gold,38
2,فاتورة بضاعة أول المدة,2026-01-01,RAS ALKHIMA BR,مستودع تورينو راس الخيمة,QSQ595,1,0,1,32.4,0,32.4,بضاعة أول المدة مولدة من عملية التدوير 01/01/2026,Gold,40
202605443,فاتورة مبيعات سعر المبيع,2026-05-24,RAS ALKHIMA BR,مستودع تورينو راس الخيمة,QSQ595,0,1,0,0,185.71,32.4,,Gold,40
2,فاتورة بضاعة أول المدة,2026-01-01,RAS ALKHIMA BR,مستودع تورينو راس الخيمة,QSQ595,1,0,1,32.4,0,32.4,بضاعة أول المدة مولدة من عملية التدوير 01/01/2026,Gold,41
1,فاتورة بضاعة أول المدة,2026-01-01,Kalba BR,مستودع كلباء (فرع 2),QSQ595,1,0,1,32.4,0,32.4,بضاعة أول المدة مولدة من عملية التدوير 01/01/2026,Black,37
1,فاتورة بضاعة أول المدة,2026-01-01,Kalba BR,مستودع كلباء (فرع 2),QSQ595,3,0,3,32.4,0,32.4,بضاعة أول المدة مولدة من عملية التدوير 01/01/2026,Black,38
1,فاتورة بضاعة أول المدة,2026-01-01,Kalba BR,مستودع كلباء (فرع 2),QSQ595,3,0,3,32.4,0,32.4,بضاعة أول المدة مولدة من عملية التدوير 01/01/2026,Black,39
1,فاتورة بضاعة أول المدة,2026-01-01,Kalba BR,مستودع كلباء (فرع 2),QSQ595,3,0,3,32.4,0,32.4,بضاعة أول المدة مولدة من عملية التدوير 01/01/2026,Black,40
1,فاتورة بضاعة أول المدة,2026-01-01,Kalba BR,مستودع كلباء (فرع 2),QSQ595,1,0,1,32.4,0,32.4,بضاعة أول المدة مولدة من عملية التدوير 01/01/2026,Black,41
1,فاتورة بضاعة أول المدة,2026-01-01,Kalba BR,مستودع كلباء (فرع 2),QSQ595,1,0,1,32.4,0,32.4,بضاعة أول المدة مولدة من عملية التدوير 01/01/2026,Silver,36
1,فاتورة بضاعة أول المدة,2026-01-01,Kalba BR,مستودع كلباء (فرع 2),QSQ595,2,0,2,32.4,0,32.4,بضاعة أول المدة مولدة من عملية التدوير 01/01/2026,Silver,37
202602287,فاتورة مبيعات سعر المبيع,2026-02-28,Kalba BR,مستودع كلباء (فرع 2),QSQ595,0,1,1,0,185.71,32.4,,Silver,37
202600163,فاتورة مرتجع مبيعات سعر المبيع,2026-02-28,Kalba BR,مستودع كلباء (فرع 2),QSQ595,1,0,2,185.71,0,32.4,,Silver,37
202604908,فاتورة مبيعات سعر المبيع,2026-03-18,Kalba BR,مستودع كلباء (فرع 2),QSQ595,0,1,1,0,185.71,32.4,,Silver,37
202600447,فاتورة مرتجع مبيعات سعر المبيع,2026-03-28,Kalba BR,مستودع كلباء (فرع 2),QSQ595,1,0,2,185.71,0,32.4,,Silver,37
202605868,فاتورة مبيعات سعر المبيع,2026-04-25,Kalba BR,مستودع كلباء (فرع 2),QSQ595,0,1,1,0,185.71,32.4,,Silver,37
202609344,فاتورة مبيعات سعر المبيع,2026-08-06,Kalba BR,مستودع كلباء (فرع 2),QSQ595,0,1,0,0,185.71,32.4,,Silver,37
1,فاتورة بضاعة أول المدة,2026-01-01,Kalba BR,مستودع كلباء (فرع 2),QSQ595,1,0,1,32.4,0,32.4,بضاعة أول المدة مولدة من عملية التدوير 01/01/2026,Silver,38
1,فاتورة بضاعة أول المدة,2026-01-01,Kalba BR,مستودع كلباء (فرع 2),QSQ595,1,0,1,32.4,0,32.4,بضاعة أول المدة مولدة من عملية التدوير 01/01/2026,Silver,40
202604802,فاتورة مبيعات سعر المبيع,2026-03-18,Kalba BR,مستودع كلباء (فرع 2),QSQ595,0,1,0,0,185.71,32.4,,Silver,40
1,فاتورة بضاعة أول المدة,2026-01-01,Kalba BR,مستودع كلباء (فرع 2),QSQ595,2,0,2,32.4,0,32.4,بضاعة أول المدة مولدة من عملية التدوير 01/01/2026,Silver,41
202600290,فاتورة مبيعات سعر المبيع,2026-01-09,Kalba BR,مستودع كلباء (فرع 2),QSQ595,0,1,1,0,185.71,32.4,,Silver,41
202606756,فاتورة مبيعات سعر المبيع,2026-05-21,Kalba BR,مستودع كلباء (فرع 2),QSQ595,0,1,0,0,185.71,32.4,,Silver,41
1,فاتورة بضاعة أول المدة,2026-01-01,Kalba BR,مستودع كلباء (فرع 2),QSQ595,1,0,1,32.4,0,32.4,بضاعة أول المدة مولدة من عملية التدوير 01/01/2026,Gold,40
202601018,فاتورة مبيعات سعر المبيع,2026-01-31,Kalba BR,مستودع كلباء (فرع 2),QSQ595,0,1,0,0,185.71,32.4,,Gold,40
2,فاتورة بضاعة أول المدة,2026-01-01,Dalma Mall Br,مستودع الدلما مول,QSQ595,1,0,1,32.4,0,32.4,بضاعة أول المدة مولدة من عملية التدوير 01/01/2026,Black,36
2,فاتورة بضاعة أول المدة,2026-01-01,Dalma Mall Br,مستودع الدلما مول,QSQ595,1,0,1,32.4,0,32.4,بضاعة أول المدة مولدة من عملية التدوير 01/01/2026,Black,37
2,فاتورة بضاعة أول المدة,2026-01-01,Dalma Mall Br,مستودع الدلما مول,QSQ595,3,0,3,32.4,0,32.4,بضاعة أول المدة مولدة من عملية التدوير 01/01/2026,Black,38
2,فاتورة بضاعة أول المدة,2026-01-01,Dalma Mall Br,مستودع الدلما مول,QSQ595,2,0,2,32.4,0,32.4,بضاعة أول المدة مولدة من عملية التدوير 01/01/2026,Black,39
202609340,فاتورة مبيعات سعر المبيع,2026-09-02,Dalma Mall Br,مستودع الدلما مول,QSQ595,0,1,1,0,185.71,32.4,,Black,39
2,فاتورة بضاعة أول المدة,2026-01-01,Dalma Mall Br,مستودع الدلما مول,QSQ595,1,0,1,32.4,0,32.4,بضاعة أول المدة مولدة من عملية التدوير 01/01/2026,Black,40
2,فاتورة بضاعة أول المدة,2026-01-01,Dalma Mall Br,مستودع الدلما مول,QSQ595,1,0,1,32.4,0,32.4,بضاعة أول المدة مولدة من عملية التدوير 01/01/2026,Black,41
2,فاتورة بضاعة أول المدة,2026-01-01,Dalma Mall Br,مستودع الدلما مول,QSQ595,1,0,1,32.4,0,32.4,بضاعة أول المدة مولدة من عملية التدوير 01/01/2026,Silver,38
2,فاتورة بضاعة أول المدة,2026-01-01,Dalma Mall Br,مستودع الدلما مول,QSQ595,1,0,1,32.4,0,32.4,بضاعة أول المدة مولدة من عملية التدوير 01/01/2026,Silver,41
202606160,فاتورة مبيعات سعر المبيع,2026-06-05,Dalma Mall Br,مستودع الدلما مول,QSQ595,0,1,0,0,185.71,32.4,,Silver,41
202600345,فاتورة مرتجع مبيعات سعر المبيع,2026-06-05,Dalma Mall Br,مستودع الدلما مول,QSQ595,1,0,1,185.71,0,32.4,,Silver,41
2,فاتورة بضاعة أول المدة,2026-01-01,Dalma Mall Br,مستودع الدلما مول,QSQ595,1,0,1,32.4,0,32.4,بضاعة أول المدة مولدة من عملية التدوير 01/01/2026,Gold,36
2,فاتورة بضاعة أول المدة,2026-01-01,Dalma Mall Br,مستودع الدلما مول,QSQ595,1,0,1,32.4,0,32.4,بضاعة أول المدة مولدة من عملية التدوير 01/01/2026,Gold,38
202605305,فاتورة مبيعات سعر المبيع,2026-05-23,Dalma Mall Br,مستودع الدلما مول,QSQ595,0,1,0,0,185.71,32.4,,Gold,38
2,فاتورة بضاعة أول المدة,2026-01-01,Dalma Mall Br,مستودع الدلما مول,QSQ595,1,0,1,32.4,0,32.4,بضاعة أول المدة مولدة من عملية التدوير 01/01/2026,Gold,40
202600314,فاتورة مبيعات سعر المبيع,2026-01-10,Dalma Mall Br,مستودع الدلما مول,QSQ595,0,1,0,0,185.71,32.4,504190202,Gold,40
2,فاتورة بضاعة أول المدة,2026-01-01,Dalma Mall Br,مستودع الدلما مول,QSQ595,1,0,1,32.4,0,32.4,بضاعة أول المدة مولدة من عملية التدوير 01/01/2026,Gold,41
202601078,ادخال مواد متجر الكتروني,2026-04-01,Website Br,مستودع الموقع الالكتروني,QSQ595,1,0,1,31.33,0,31.33,1 kess ( 1 psc ),Silver,36
202600846,فاتورة مبيعات انستغرام,2026-04-02,Website Br,مستودع الموقع الالكتروني,QSQ595,0,1,0,0,185.71,31.33,202600846,Silver,36
1,فاتورة بضاعة أول المدة,2026-01-01,Al Warqaa Mall Br,مستودع الورقاء,QSQ595,1,0,1,32.4,0,32.4,بضاعة أول المدة مولدة من عملية التدوير 01/01/2026,Black,36
202600128,فاتورة الإخراج,2026-04-04,Al Warqaa Mall Br,مستودع الورقاء,QSQ595,0,1,0,0,32.4,32.4,2,Black,36
1,فاتورة بضاعة أول المدة,2026-01-01,Al Warqaa Mall Br,مستودع الورقاء,QSQ595,2,0,2,32.4,0,32.4,بضاعة أول المدة مولدة من عملية التدوير 01/01/2026,Black,37
202600128,فاتورة الإخراج,2026-04-04,Al Warqaa Mall Br,مستودع الورقاء,QSQ595,0,2,0,0,32.4,32.4,2,Black,37
1,فاتورة بضاعة أول المدة,2026-01-01,Al Warqaa Mall Br,مستودع الورقاء,QSQ595,3,0,3,32.4,0,32.4,بضاعة أول المدة مولدة من عملية التدوير 01/01/2026,Black,38
202600128,فاتورة الإخراج,2026-04-04,Al Warqaa Mall Br,مستودع الورقاء,QSQ595,0,3,0,0,32.4,32.4,2,Black,38
1,فاتورة بضاعة أول المدة,2026-01-01,Al Warqaa Mall Br,مستودع الورقاء,QSQ595,3,0,3,32.4,0,32.4,بضاعة أول المدة مولدة من عملية التدوير 01/01/2026,Black,39
202602541,فاتورة مبيعات سعر التوزيع,2026-03-19,Al Warqaa Mall Br,مستودع الورقاء,QSQ595,0,1,2,0,185.71,32.4,,Black,39
202600128,فاتورة الإخراج,2026-04-04,Al Warqaa Mall Br,مستودع الورقاء,QSQ595,0,2,0,0,32.4,32.4,2,Black,39
1,فاتورة بضاعة أول المدة,2026-01-01,Al Warqaa Mall Br,مستودع الورقاء,QSQ595,1,0,1,32.4,0,32.4,بضاعة أول المدة مولدة من عملية التدوير 01/01/2026,Black,40
202601362,فاتورة مبيعات سعر التوزيع,2026-03-04,Al Warqaa Mall Br,مستودع الورقاء,QSQ595,0,1,0,0,185.71,32.4,,Black,40
1,فاتورة بضاعة أول المدة,2026-01-01,Al Warqaa Mall Br,مستودع الورقاء,QSQ595,1,0,1,32.4,0,32.4,بضاعة أول المدة مولدة من عملية التدوير 01/01/2026,Silver,36
202602205,فاتورة مبيعات سعر التوزيع,2026-03-17,Al Warqaa Mall Br,مستودع الورقاء,QSQ595,0,1,0,0,185.71,32.4,,Silver,36
1,فاتورة بضاعة أول المدة,2026-01-01,Al Warqaa Mall Br,مستودع الورقاء,QSQ595,1,0,1,32.4,0,32.4,بضاعة أول المدة مولدة من عملية التدوير 01/01/2026,Silver,37
202600128,فاتورة الإخراج,2026-04-04,Al Warqaa Mall Br,مستودع الورقاء,QSQ595,0,1,0,0,32.4,32.4,2,Silver,37
1,فاتورة بضاعة أول المدة,2026-01-01,Al Warqaa Mall Br,مستودع الورقاء,QSQ595,1,0,1,32.4,0,32.4,بضاعة أول المدة مولدة من عملية التدوير 01/01/2026,Gold,39
202600572,فاتورة مبيعات سعر التوزيع,2026-01-31,Al Warqaa Mall Br,مستودع الورقاء,QSQ595,0,1,0,0,185.71,32.4,,Gold,39
1,فاتورة بضاعة أول المدة,2026-01-01,Al Warqaa Mall Br,مستودع الورقاء,QSQ595,1,0,1,32.4,0,32.4,بضاعة أول المدة مولدة من عملية التدوير 01/01/2026,Gold,40
202601724,فاتورة مبيعات سعر التوزيع,2026-03-11,Al Warqaa Mall Br,مستودع الورقاء,QSQ595,0,1,0,0,185.71,32.4,,Gold,40
1,فاتورة بضاعة أول المدة,2026-01-01,Al Warqaa Mall Br,مستودع الورقاء,QSQ595,1,0,1,32.4,0,32.4,بضاعة أول المدة مولدة من عملية التدوير 01/01/2026,Gold,41
202600128,فاتورة الإخراج,2026-04-04,Al Warqaa Mall Br,مستودع الورقاء,QSQ595,0,1,0,0,32.4,32.4,2,Gold,41
1,فاتورة بضاعة أول المدة,2026-01-01,City Center Al Zahia BR,مستودع سيتي سنتر الزاهية,QSQ595,2,0,2,32.4,0,32.4,بضاعة أول المدة مولدة من عملية التدوير 01/01/2026,Black,36
202604928,فاتورة مبيعات سعر التوزيع,2026-03-16,City Center Al Zahia BR,مستودع سيتي سنتر الزاهية,QSQ595,0,1,1,0,185.71,32.4,,Black,36
202600315,فاتورة الإدخال,2026-03-25,City Center Al Zahia BR,مستودع سيتي سنتر الزاهية,QSQ595,1,0,2,32.4,0,32.4,Al Zahia (1 tape),Black,36
202600251,فاتورة الإخراج,2026-04-10,City Center Al Zahia BR,مستودع سيتي سنتر الزاهية,QSQ595,0,2,0,0,32.4,32.4,AJMAN INDUSTRAL   5 TAPE,Black,36
1,فاتورة بضاعة أول المدة,2026-01-01,City Center Al Zahia BR,مستودع سيتي سنتر الزاهية,QSQ595,3,0,3,32.4,0,32.4,بضاعة أول المدة مولدة من عملية التدوير 01/01/2026,Black,37
202606212,فاتورة مبيعات سعر التوزيع,2026-04-04,City Center Al Zahia BR,مستودع سيتي سنتر الزاهية,QSQ595,0,1,2,0,185.71,32.4,,Black,37
202600251,فاتورة الإخراج,2026-04-10,City Center Al Zahia BR,مستودع سيتي سنتر الزاهية,QSQ595,0,2,0,0,32.4,32.4,AJMAN INDUSTRAL   5 TAPE,Black,37
1,فاتورة بضاعة أول المدة,2026-01-01,City Center Al Zahia BR,مستودع سيتي سنتر الزاهية,QSQ595,4,0,4,32.4,0,32.4,بضاعة أول المدة مولدة من عملية التدوير 01/01/2026,Black,38
202600251,فاتورة الإخراج,2026-04-10,City Center Al Zahia BR,مستودع سيتي سنتر الزاهية,QSQ595,0,4,0,0,32.4,32.4,AJMAN INDUSTRAL   5 TAPE,Black,38
1,فاتورة بضاعة أول المدة,2026-01-01,City Center Al Zahia BR,مستودع سيتي سنتر الزاهية,QSQ595,5,0,5,32.4,0,32.4,بضاعة أول المدة مولدة من عملية التدوير 01/01/2026,Black,39
202600315,فاتورة الإدخال,2026-03-25,City Center Al Zahia BR,مستودع سيتي سنتر الزاهية,QSQ595,2,0,7,32.4,0,32.4,Al Zahia (1 tape),Black,39
202600251,فاتورة الإخراج,2026-04-10,City Center Al Zahia BR,مستودع سيتي سنتر الزاهية,QSQ595,0,7,0,0,32.4,32.4,AJMAN INDUSTRAL   5 TAPE,Black,39
1,فاتورة بضاعة أول المدة,2026-01-01,City Center Al Zahia BR,مستودع سيتي سنتر الزاهية,QSQ595,2,0,2,32.4,0,32.4,بضاعة أول المدة مولدة من عملية التدوير 01/01/2026,Black,40
202600315,فاتورة الإدخال,2026-03-25,City Center Al Zahia BR,مستودع سيتي سنتر الزاهية,QSQ595,2,0,4,32.4,0,32.4,Al Zahia (1 tape),Black,40
202600251,فاتورة الإخراج,2026-04-10,City Center Al Zahia BR,مستودع سيتي سنتر الزاهية,QSQ595,0,4,0,0,32.4,32.4,AJMAN INDUSTRAL   5 TAPE,Black,40
1,فاتورة بضاعة أول المدة,2026-01-01,City Center Al Zahia BR,مستودع سيتي سنتر الزاهية,QSQ595,1,0,1,32.4,0,32.4,بضاعة أول المدة مولدة من عملية التدوير 01/01/2026,Black,41
202600251,فاتورة الإخراج,2026-04-10,City Center Al Zahia BR,مستودع سيتي سنتر الزاهية,QSQ595,0,1,0,0,32.4,32.4,AJMAN INDUSTRAL   5 TAPE,Black,41
202600046,فاتورة الإدخال,2026-01-14,City Center Al Zahia BR,مستودع سيتي سنتر الزاهية,QSQ595,1,0,1,32.4,0,32.4,ONE TAPE,Silver,36
202601107,فاتورة مبيعات سعر التوزيع,2026-02-07,City Center Al Zahia BR,مستودع سيتي سنتر الزاهية,QSQ595,0,1,0,0,185.71,32.4,,Silver,36
202600046,فاتورة الإدخال,2026-01-14,City Center Al Zahia BR,مستودع سيتي سنتر الزاهية,QSQ595,1,0,1,32.4,0,32.4,ONE TAPE,Silver,37
202600251,فاتورة الإخراج,2026-04-10,City Center Al Zahia BR,مستودع سيتي سنتر الزاهية,QSQ595,0,1,0,0,32.4,32.4,AJMAN INDUSTRAL   5 TAPE,Silver,37
1,فاتورة بضاعة أول المدة,2026-01-01,City Center Al Zahia BR,مستودع سيتي سنتر الزاهية,QSQ595,1,0,1,32.4,0,32.4,بضاعة أول المدة مولدة من عملية التدوير 01/01/2026,Silver,38
202600237,فاتورة مبيعات سعر التوزيع,2026-01-07,City Center Al Zahia BR,مستودع سيتي سنتر الزاهية,QSQ595,0,1,0,0,185.71,32.4,,Silver,38
202600046,فاتورة الإدخال,2026-01-14,City Center Al Zahia BR,مستودع سيتي سنتر الزاهية,QSQ595,1,0,1,32.4,0,32.4,ONE TAPE,Silver,38
202600251,فاتورة الإخراج,2026-04-10,City Center Al Zahia BR,مستودع سيتي سنتر الزاهية,QSQ595,0,1,0,0,32.4,32.4,AJMAN INDUSTRAL   5 TAPE,Silver,38
1,فاتورة بضاعة أول المدة,2026-01-01,City Center Al Zahia BR,مستودع سيتي سنتر الزاهية,QSQ595,1,0,1,32.4,0,32.4,بضاعة أول المدة مولدة من عملية التدوير 01/01/2026,Silver,39
202600274,فاتورة مبيعات سعر التوزيع,2026-01-09,City Center Al Zahia BR,مستودع سيتي سنتر الزاهية,QSQ595,0,1,0,0,185.71,32.4,,Silver,39
202600046,فاتورة الإدخال,2026-01-14,City Center Al Zahia BR,مستودع سيتي سنتر الزاهية,QSQ595,1,0,1,32.4,0,32.4,ONE TAPE,Silver,39
202600251,فاتورة الإخراج,2026-04-10,City Center Al Zahia BR,مستودع سيتي سنتر الزاهية,QSQ595,0,1,0,0,32.4,32.4,AJMAN INDUSTRAL   5 TAPE,Silver,39
202600046,فاتورة الإدخال,2026-01-14,City Center Al Zahia BR,مستودع سيتي سنتر الزاهية,QSQ595,1,0,1,32.4,0,32.4,ONE TAPE,Silver,40
202600251,فاتورة الإخراج,2026-04-10,City Center Al Zahia BR,مستودع سيتي سنتر الزاهية,QSQ595,0,1,0,0,32.4,32.4,AJMAN INDUSTRAL   5 TAPE,Silver,40
1,فاتورة بضاعة أول المدة,2026-01-01,City Center Al Zahia BR,مستودع سيتي سنتر الزاهية,QSQ595,1,0,1,32.4,0,32.4,بضاعة أول المدة مولدة من عملية التدوير 01/01/2026,Silver,41
202600290,فاتورة مبيعات سعر التوزيع,2026-01-09,City Center Al Zahia BR,مستودع سيتي سنتر الزاهية,QSQ595,0,1,0,0,185.71,32.4,,Silver,41
1,فاتورة بضاعة أول المدة,2026-01-01,City Center Al Zahia BR,مستودع سيتي سنتر الزاهية,QSQ595,1,0,1,32.4,0,32.4,بضاعة أول المدة مولدة من عملية التدوير 01/01/2026,Gold,36
202601084,فاتورة مبيعات سعر التوزيع,2026-02-06,City Center Al Zahia BR,مستودع سيتي سنتر الزاهية,QSQ595,0,1,0,0,185.71,32.4,,Gold,36
1,فاتورة بضاعة أول المدة,2026-01-01,City Center Al Zahia BR,مستودع سيتي سنتر الزاهية,QSQ595,1,0,1,32.4,0,32.4,بضاعة أول المدة مولدة من عملية التدوير 01/01/2026,Gold,37
202601876,فاتورة مبيعات سعر التوزيع,2026-02-27,City Center Al Zahia BR,مستودع سيتي سنتر الزاهية,QSQ595,0,1,0,0,185.71,32.4,,Gold,37
1,فاتورة بضاعة أول المدة,2026-01-01,City Center Al Zahia BR,مستودع سيتي سنتر الزاهية,QSQ595,1,0,1,32.4,0,32.4,بضاعة أول المدة مولدة من عملية التدوير 01/01/2026,Gold,38
202601063,فاتورة مبيعات سعر التوزيع,2026-02-06,City Center Al Zahia BR,مستودع سيتي سنتر الزاهية,QSQ595,0,1,0,0,185.71,32.4,,Gold,38
202600315,فاتورة الإدخال,2026-03-25,City Center Al Zahia BR,مستودع سيتي سنتر الزاهية,QSQ595,1,0,1,32.4,0,32.4,Al Zahia (1 tape),Gold,38
202600251,فاتورة الإخراج,2026-04-10,City Center Al Zahia BR,مستودع سيتي سنتر الزاهية,QSQ595,0,1,0,0,32.4,32.4,AJMAN INDUSTRAL   5 TAPE,Gold,38
202600315,فاتورة الإدخال,2026-03-25,City Center Al Zahia BR,مستودع سيتي سنتر الزاهية,QSQ595,1,0,1,32.4,0,32.4,Al Zahia (1 tape),Gold,39
202600251,فاتورة الإخراج,2026-04-10,City Center Al Zahia BR,مستودع سيتي سنتر الزاهية,QSQ595,0,1,0,0,32.4,32.4,AJMAN INDUSTRAL   5 TAPE,Gold,39
1,فاتورة بضاعة أول المدة,2026-01-01,City Center Al Zahia BR,مستودع سيتي سنتر الزاهية,QSQ595,1,0,1,32.4,0,32.4,بضاعة أول المدة مولدة من عملية التدوير 01/01/2026,Gold,40
202603455,فاتورة مبيعات سعر التوزيع,2026-03-10,City Center Al Zahia BR,مستودع سيتي سنتر الزاهية,QSQ595,0,1,0,0,185.71,32.4,,Gold,40
202600315,فاتورة الإدخال,2026-03-25,City Center Al Zahia BR,مستودع سيتي سنتر الزاهية,QSQ595,1,0,1,32.4,0,32.4,Al Zahia (1 tape),Gold,40
202600251,فاتورة الإخراج,2026-04-10,City Center Al Zahia BR,مستودع سيتي سنتر الزاهية,QSQ595,0,1,0,0,32.4,32.4,AJMAN INDUSTRAL   5 TAPE,Gold,40
202600046,فاتورة الإدخال,2026-01-14,City Center Al Zahia BR,مستودع سيتي سنتر الزاهية,QSQ595,1,0,1,32.4,0,32.4,ONE TAPE,Gold,41
202604477,فاتورة مبيعات سعر التوزيع,2026-03-15,City Center Al Zahia BR,مستودع سيتي سنتر الزاهية,QSQ595,0,1,0,0,185.71,32.4,,Gold,41
1,فاتورة بضاعة أول المدة,2026-01-01,Reem Mall,مستودع الريم مول,QSQ595,1,0,1,32.4,0,32.4,بضاعة أول المدة مولدة من عملية التدوير 01/01/2026,Black,36
1,فاتورة بضاعة أول المدة,2026-01-01,Reem Mall,مستودع الريم مول,QSQ595,2,0,2,32.4,0,32.4,بضاعة أول المدة مولدة من عملية التدوير 01/01/2026,Black,37
202600835,فاتورة مبيعات سعر نصف الجمله,2026-02-10,Reem Mall,مستودع الريم مول,QSQ595,0,1,1,0,195.24,32.4,,Black,37
1,فاتورة بضاعة أول المدة,2026-01-01,Reem Mall,مستودع الريم مول,QSQ595,3,0,3,32.4,0,32.4,بضاعة أول المدة مولدة من عملية التدوير 01/01/2026,Black,38
202600793,فاتورة مبيعات سعر نصف الجمله,2026-02-08,Reem Mall,مستودع الريم مول,QSQ595,0,1,2,0,195.24,32.4,,Black,38
202601114,فاتورة مبيعات سعر نصف الجمله,2026-02-22,Reem Mall,مستودع الريم مول,QSQ595,0,1,1,0,195.24,32.4,,Black,38
1,فاتورة بضاعة أول المدة,2026-01-01,Reem Mall,مستودع الريم مول,QSQ595,3,0,3,32.4,0,32.4,بضاعة أول المدة مولدة من عملية التدوير 01/01/2026,Black,39
202603854,فاتورة مبيعات سعر نصف الجمله,2026-06-03,Reem Mall,مستودع الريم مول,QSQ595,0,1,2,0,195.24,32.4,,Black,39
1,فاتورة بضاعة أول المدة,2026-01-01,Reem Mall,مستودع الريم مول,QSQ595,2,0,2,32.4,0,32.4,بضاعة أول المدة مولدة من عملية التدوير 01/01/2026,Black,40
202602500,فاتورة مبيعات سعر نصف الجمله,2026-04-16,Reem Mall,مستودع الريم مول,QSQ595,0,1,1,0,195.24,32.4,50222200186,Black,40
1,فاتورة بضاعة أول المدة,2026-01-01,Reem Mall,مستودع الريم مول,QSQ595,1,0,1,32.4,0,32.4,بضاعة أول المدة مولدة من عملية التدوير 01/01/2026,Silver,37
1,فاتورة بضاعة أول المدة,2026-01-01,Reem Mall,مستودع الريم مول,QSQ595,1,0,1,32.4,0,32.4,بضاعة أول المدة مولدة من عملية التدوير 01/01/2026,Silver,38
202600550,فاتورة مبيعات سعر نصف الجمله,2026-01-30,Reem Mall,مستودع الريم مول,QSQ595,0,1,0,0,195.24,32.4,,Silver,38
1,فاتورة بضاعة أول المدة,2026-01-01,Reem Mall,مستودع الريم مول,QSQ595,1,0,1,32.4,0,32.4,بضاعة أول المدة مولدة من عملية التدوير 01/01/2026,Silver,41
1,فاتورة بضاعة أول المدة,2026-01-01,Reem Mall,مستودع الريم مول,QSQ595,1,0,1,32.4,0,32.4,بضاعة أول المدة مولدة من عملية التدوير 01/01/2026,Gold,39
202603396,فاتورة مبيعات سعر نصف الجمله,2026-05-23,Reem Mall,مستودع الريم مول,QSQ595,0,1,0,0,195.24,32.4,509808098,Gold,39
1,فاتورة بضاعة أول المدة,2026-01-01,Reem Mall,مستودع الريم مول,QSQ595,1,0,1,32.4,0,32.4,بضاعة أول المدة مولدة من عملية التدوير 01/01/2026,Gold,40
1,فاتورة بضاعة أول المدة,2026-01-01,Reem Mall,مستودع الريم مول,QSQ595,1,0,1,32.4,0,32.4,بضاعة أول المدة مولدة من عملية التدوير 01/01/2026,Gold,41
1,فاتورة بضاعة أول المدة,2026-01-01,Alyaher Br2,مستودع اليحر فرع2,QSQ595,1,0,1,32.4,0,32.4,بضاعة أول المدة مولدة من عملية التدوير 01/01/2026,Black,36
1,فاتورة بضاعة أول المدة,2026-01-01,Alyaher Br2,مستودع اليحر فرع2,QSQ595,1,0,1,32.4,0,32.4,بضاعة أول المدة مولدة من عملية التدوير 01/01/2026,Black,37
1,فاتورة بضاعة أول المدة,2026-01-01,Alyaher Br2,مستودع اليحر فرع2,QSQ595,3,0,3,32.4,0,32.4,بضاعة أول المدة مولدة من عملية التدوير 01/01/2026,Black,38
1,فاتورة بضاعة أول المدة,2026-01-01,Alyaher Br2,مستودع اليحر فرع2,QSQ595,3,0,3,32.4,0,32.4,بضاعة أول المدة مولدة من عملية التدوير 01/01/2026,Black,39
1,فاتورة بضاعة أول المدة,2026-01-01,Alyaher Br2,مستودع اليحر فرع2,QSQ595,2,0,2,32.4,0,32.4,بضاعة أول المدة مولدة من عملية التدوير 01/01/2026,Black,40
1,فاتورة بضاعة أول المدة,2026-01-01,Alyaher Br2,مستودع اليحر فرع2,QSQ595,1,0,1,32.4,0,32.4,بضاعة أول المدة مولدة من عملية التدوير 01/01/2026,Black,41
1,فاتورة بضاعة أول المدة,2026-01-01,Alyaher Br2,مستودع اليحر فرع2,QSQ595,1,0,1,32.4,0,32.4,بضاعة أول المدة مولدة من عملية التدوير 01/01/2026,Silver,36
202600031,فاتورة الإخراج,2026-01-14,Alyaher Br2,مستودع اليحر فرع2,QSQ595,0,1,0,0,32.4,32.4,ONE TAPE,Silver,36
1,فاتورة بضاعة أول المدة,2026-01-01,Alyaher Br2,مستودع اليحر فرع2,QSQ595,1,0,1,32.4,0,32.4,بضاعة أول المدة مولدة من عملية التدوير 01/01/2026,Silver,37
202600031,فاتورة الإخراج,2026-01-14,Alyaher Br2,مستودع اليحر فرع2,QSQ595,0,1,0,0,32.4,32.4,ONE TAPE,Silver,37
1,فاتورة بضاعة أول المدة,2026-01-01,Alyaher Br2,مستودع اليحر فرع2,QSQ595,1,0,1,32.4,0,32.4,بضاعة أول المدة مولدة من عملية التدوير 01/01/2026,Silver,38
202600031,فاتورة الإخراج,2026-01-14,Alyaher Br2,مستودع اليحر فرع2,QSQ595,0,1,0,0,32.4,32.4,ONE TAPE,Silver,38
1,فاتورة بضاعة أول المدة,2026-01-01,Alyaher Br2,مستودع اليحر فرع2,QSQ595,1,0,1,32.4,0,32.4,بضاعة أول المدة مولدة من عملية التدوير 01/01/2026,Silver,39
202600031,فاتورة الإخراج,2026-01-14,Alyaher Br2,مستودع اليحر فرع2,QSQ595,0,1,0,0,32.4,32.4,ONE TAPE,Silver,39
1,فاتورة بضاعة أول المدة,2026-01-01,Alyaher Br2,مستودع اليحر فرع2,QSQ595,1,0,1,32.4,0,32.4,بضاعة أول المدة مولدة من عملية التدوير 01/01/2026,Silver,40
202600031,فاتورة الإخراج,2026-01-14,Alyaher Br2,مستودع اليحر فرع2,QSQ595,0,1,0,0,32.4,32.4,ONE TAPE,Silver,40
1,فاتورة بضاعة أول المدة,2026-01-01,Alyaher Br2,مستودع اليحر فرع2,QSQ595,1,0,1,32.4,0,32.4,بضاعة أول المدة مولدة من عملية التدوير 01/01/2026,Gold,41
202600031,فاتورة الإخراج,2026-01-14,Alyaher Br2,مستودع اليحر فرع2,QSQ595,0,1,0,0,32.4,32.4,ONE TAPE,Gold,41
1,فاتورة بضاعة أول المدة,2026-01-01,City Centre Ajman,مستودع سيتي سنتر عجمان,QSQ595,1,0,1,32.4,0,32.4,بضاعة أول المدة مولدة من عملية التدوير 01/01/2026,Black,37
202600031,فاتورة الإخراج,2026-01-20,City Centre Ajman,مستودع سيتي سنتر عجمان,QSQ595,0,1,0,0,32.4,32.4,4 TAPE,Black,37
1,فاتورة بضاعة أول المدة,2026-01-01,City Centre Ajman,مستودع سيتي سنتر عجمان,QSQ595,3,0,3,32.4,0,32.4,بضاعة أول المدة مولدة من عملية التدوير 01/01/2026,Black,38
202600031,فاتورة الإخراج,2026-01-20,City Centre Ajman,مستودع سيتي سنتر عجمان,QSQ595,0,3,0,0,32.4,32.4,4 TAPE,Black,38
1,فاتورة بضاعة أول المدة,2026-01-01,City Centre Ajman,مستودع سيتي سنتر عجمان,QSQ595,1,0,1,32.4,0,32.4,بضاعة أول المدة مولدة من عملية التدوير 01/01/2026,Black,39
202600031,فاتورة الإخراج,2026-01-20,City Centre Ajman,مستودع سيتي سنتر عجمان,QSQ595,0,1,0,0,32.4,32.4,4 TAPE,Black,39
1,فاتورة بضاعة أول المدة,2026-01-01,City Centre Ajman,مستودع سيتي سنتر عجمان,QSQ595,2,0,2,32.4,0,32.4,بضاعة أول المدة مولدة من عملية التدوير 01/01/2026,Black,40
202600205,فاتورة مبيعات سعر التوزيع,2026-01-09,City Centre Ajman,مستودع سيتي سنتر عجمان,QSQ595,0,1,1,0,185.71,32.4,504403035,Black,40
202600031,فاتورة الإخراج,2026-01-20,City Centre Ajman,مستودع سيتي سنتر عجمان,QSQ595,0,1,0,0,32.4,32.4,4 TAPE,Black,40
1,فاتورة بضاعة أول المدة,2026-01-01,City Centre Ajman,مستودع سيتي سنتر عجمان,QSQ595,1,0,1,32.4,0,32.4,بضاعة أول المدة مولدة من عملية التدوير 01/01/2026,Silver,36
202600031,فاتورة الإخراج,2026-01-20,City Centre Ajman,مستودع سيتي سنتر عجمان,QSQ595,0,1,0,0,32.4,32.4,4 TAPE,Silver,36
1,فاتورة بضاعة أول المدة,2026-01-01,City Centre Ajman,مستودع سيتي سنتر عجمان,QSQ595,1,0,1,32.4,0,32.4,بضاعة أول المدة مولدة من عملية التدوير 01/01/2026,Silver,38
202600031,فاتورة الإخراج,2026-01-20,City Centre Ajman,مستودع سيتي سنتر عجمان,QSQ595,0,1,0,0,32.4,32.4,4 TAPE,Silver,38
1,فاتورة بضاعة أول المدة,2026-01-01,City Centre Ajman,مستودع سيتي سنتر عجمان,QSQ595,1,0,1,32.4,0,32.4,بضاعة أول المدة مولدة من عملية التدوير 01/01/2026,Silver,40
202600031,فاتورة الإخراج,2026-01-20,City Centre Ajman,مستودع سيتي سنتر عجمان,QSQ595,0,1,0,0,32.4,32.4,4 TAPE,Silver,40
1,فاتورة بضاعة أول المدة,2026-01-01,City Centre Ajman,مستودع سيتي سنتر عجمان,QSQ595,1,0,1,32.4,0,32.4,بضاعة أول المدة مولدة من عملية التدوير 01/01/2026,Gold,36
202600031,فاتورة الإخراج,2026-01-20,City Centre Ajman,مستودع سيتي سنتر عجمان,QSQ595,0,1,0,0,32.4,32.4,4 TAPE,Gold,36
1,فاتورة بضاعة أول المدة,2026-01-01,City Centre Ajman,مستودع سيتي سنتر عجمان,QSQ595,1,0,1,32.4,0,32.4,بضاعة أول المدة مولدة من عملية التدوير 01/01/2026,Gold,37
202600031,فاتورة الإخراج,2026-01-20,City Centre Ajman,مستودع سيتي سنتر عجمان,QSQ595,0,1,0,0,32.4,32.4,4 TAPE,Gold,37
1,فاتورة بضاعة أول المدة,2026-01-01,City Centre Ajman,مستودع سيتي سنتر عجمان,QSQ595,1,0,1,32.4,0,32.4,بضاعة أول المدة مولدة من عملية التدوير 01/01/2026,Gold,38
202600031,فاتورة الإخراج,2026-01-20,City Centre Ajman,مستودع سيتي سنتر عجمان,QSQ595,0,1,0,0,32.4,32.4,4 TAPE,Gold,38
1,فاتورة بضاعة أول المدة,2026-01-01,City Centre Ajman,مستودع سيتي سنتر عجمان,QSQ595,1,0,1,32.4,0,32.4,بضاعة أول المدة مولدة من عملية التدوير 01/01/2026,Gold,41
202600031,فاتورة الإخراج,2026-01-20,City Centre Ajman,مستودع سيتي سنتر عجمان,QSQ595,0,1,0,0,32.4,32.4,4 TAPE,Gold,41
1,فاتورة بضاعة أول المدة,2026-01-01,Central market Al Ain,مستودع سوق العين المركزي,QSQ595,2,0,2,30.8,0,30.8,بضاعة أول المدة مولدة من عملية التدوير 01/01/2026,Black,37
202600031,فاتورة الإدخال,2026-01-20,Central market Al Ain,مستودع سوق العين المركزي,QSQ595,1,0,3,32.4,0,31.34,4 TAPE,Black,37
202607278,فاتورة مبيعات سعر التوزيع,2026-08-20,Central market Al Ain,مستودع سوق العين المركزي,QSQ595,0,1,2,0,185.71,31.34,,Black,37
1,فاتورة بضاعة أول المدة,2026-01-01,Central market Al Ain,مستودع سوق العين المركزي,QSQ595,4,0,4,30.8,0,30.8,بضاعة أول المدة مولدة من عملية التدوير 01/01/2026,Black,38
202600031,فاتورة الإدخال,2026-01-20,Central market Al Ain,مستودع سوق العين المركزي,QSQ595,3,0,7,32.4,0,31.49,4 TAPE,Black,38
202606436,فاتورة مبيعات سعر التوزيع,2026-07-04,Central market Al Ain,مستودع سوق العين المركزي,QSQ595,0,1,6,0,185.71,31.49,,Black,38
1,فاتورة بضاعة أول المدة,2026-01-01,Central market Al Ain,مستودع سوق العين المركزي,QSQ595,3,0,3,30.8,0,30.8,بضاعة أول المدة مولدة من عملية التدوير 01/01/2026,Black,39
202600031,فاتورة الإدخال,2026-01-20,Central market Al Ain,مستودع سوق العين المركزي,QSQ595,1,0,4,32.4,0,31.2,4 TAPE,Black,39
202602280,فاتورة مبيعات سعر التوزيع,2026-03-10,Central market Al Ain,مستودع سوق العين المركزي,QSQ595,0,1,3,0,185.71,31.2,,Black,39
202605854,فاتورة مبيعات سعر التوزيع,2026-06-03,Central market Al Ain,مستودع سوق العين المركزي,QSQ595,0,1,2,0,185.71,31.2,,Black,39
202600031,فاتورة الإدخال,2026-01-20,Central market Al Ain,مستودع سوق العين المركزي,QSQ595,1,0,1,32.4,0,32.4,4 TAPE,Black,40
202600797,فاتورة مبيعات سعر التوزيع,2026-02-04,Central market Al Ain,مستودع سوق العين المركزي,QSQ595,0,1,0,0,185.71,32.4,508000396,Black,40
1,فاتورة بضاعة أول المدة,2026-01-01,Central market Al Ain,مستودع سوق العين المركزي,QSQ595,2,0,2,30.8,0,30.8,بضاعة أول المدة مولدة من عملية التدوير 01/01/2026,Silver,36
202600031,فاتورة الإدخال,2026-01-20,Central market Al Ain,مستودع سوق العين المركزي,QSQ595,1,0,3,32.4,0,31.33,4 TAPE,Silver,36
202600101,فاتورة الإخراج,2026-04-01,Central market Al Ain,مستودع سوق العين المركزي,QSQ595,0,1,2,0,31.33,31.33,1 kess ( 1 psc ),Silver,36
202604301,فاتورة مبيعات سعر التوزيع,2026-04-29,Central market Al Ain,مستودع سوق العين المركزي,QSQ595,0,1,1,0,185.71,31.33,,Silver,36
202600031,فاتورة الإدخال,2026-01-20,Central market Al Ain,مستودع سوق العين المركزي,QSQ595,1,0,1,32.4,0,32.4,4 TAPE,Silver,38
202600031,فاتورة الإدخال,2026-01-20,Central market Al Ain,مستودع سوق العين المركزي,QSQ595,1,0,1,32.4,0,32.4,4 TAPE,Silver,40
202600031,فاتورة الإدخال,2026-01-20,Central market Al Ain,مستودع سوق العين المركزي,QSQ595,1,0,1,32.4,0,32.4,4 TAPE,Gold,36
202603944,فاتورة مبيعات سعر التوزيع,2026-04-07,Central market Al Ain,مستودع سوق العين المركزي,QSQ595,0,1,0,0,185.71,32.4,,Gold,36
202600031,فاتورة الإدخال,2026-01-20,Central market Al Ain,مستودع سوق العين المركزي,QSQ595,1,0,1,32.4,0,32.4,4 TAPE,Gold,37
202605401,فاتورة مبيعات سعر التوزيع,2026-05-25,Central market Al Ain,مستودع سوق العين المركزي,QSQ595,0,1,0,0,185.71,32.4,,Gold,37
202600031,فاتورة الإدخال,2026-01-20,Central market Al Ain,مستودع سوق العين المركزي,QSQ595,1,0,1,32.4,0,32.4,4 TAPE,Gold,38
202606372,فاتورة مبيعات سعر التوزيع,2026-07-01,Central market Al Ain,مستودع سوق العين المركزي,QSQ595,0,1,0,0,185.71,32.4,,Gold,38
1,فاتورة بضاعة أول المدة,2026-01-01,Central market Al Ain,مستودع سوق العين المركزي,QSQ595,2,0,2,30.8,0,30.8,بضاعة أول المدة مولدة من عملية التدوير 01/01/2026,Gold,41
202600031,فاتورة الإدخال,2026-01-20,Central market Al Ain,مستودع سوق العين المركزي,QSQ595,1,0,3,32.4,0,31.33,4 TAPE,Gold,41
202607110,فاتورة مبيعات سعر التوزيع,2026-08-11,Central market Al Ain,مستودع سوق العين المركزي,QSQ595,0,1,2,0,185.71,31.33,,Gold,41
1,فاتورة بضاعة أول المدة,2026-01-01,Al Souiah Mall BR,مستودع السيوح مول,QSQ595,1,0,1,32.4,0,32.4,بضاعة أول المدة مولدة من عملية التدوير 01/01/2026,Black,36
202600544,فاتورة مبيعات سعر التوزيع,2026-03-04,Al Souiah Mall BR,مستودع السيوح مول,QSQ595,0,1,0,0,185.71,32.4,,Black,36
1,فاتورة بضاعة أول المدة,2026-01-01,Al Souiah Mall BR,مستودع السيوح مول,QSQ595,2,0,2,32.4,0,32.4,بضاعة أول المدة مولدة من عملية التدوير 01/01/2026,Black,37
202600113,فاتورة الإخراج,2026-04-08,Al Souiah Mall BR,مستودع السيوح مول,QSQ595,0,2,0,0,32.4,32.4,RAS ALKHIMA 1 TAPE 5 PCS,Black,37
1,فاتورة بضاعة أول المدة,2026-01-01,Al Souiah Mall BR,مستودع السيوح مول,QSQ595,1,0,1,32.4,0,32.4,بضاعة أول المدة مولدة من عملية التدوير 01/01/2026,Black,38
202600113,فاتورة الإخراج,2026-04-08,Al Souiah Mall BR,مستودع السيوح مول,QSQ595,0,1,0,0,32.4,32.4,RAS ALKHIMA 1 TAPE 5 PCS,Black,38
1,فاتورة بضاعة أول المدة,2026-01-01,Al Souiah Mall BR,مستودع السيوح مول,QSQ595,2,0,2,32.4,0,32.4,بضاعة أول المدة مولدة من عملية التدوير 01/01/2026,Black,39
202600335,فاتورة مبيعات سعر التوزيع,2026-02-07,Al Souiah Mall BR,مستودع السيوح مول,QSQ595,0,1,1,0,185.71,32.4,,Black,39
202600113,فاتورة الإخراج,2026-04-08,Al Souiah Mall BR,مستودع السيوح مول,QSQ595,0,1,0,0,32.4,32.4,RAS ALKHIMA 1 TAPE 5 PCS,Black,39
1,فاتورة بضاعة أول المدة,2026-01-01,Al Souiah Mall BR,مستودع السيوح مول,QSQ595,1,0,1,32.4,0,32.4,بضاعة أول المدة مولدة من عملية التدوير 01/01/2026,Black,40
202600113,فاتورة الإخراج,2026-04-08,Al Souiah Mall BR,مستودع السيوح مول,QSQ595,0,1,0,0,32.4,32.4,RAS ALKHIMA 1 TAPE 5 PCS,Black,40
1,فاتورة بضاعة أول المدة,2026-01-01,Al Souiah Mall BR,مستودع السيوح مول,QSQ595,1,0,1,32.4,0,32.4,بضاعة أول المدة مولدة من عملية التدوير 01/01/2026,Silver,36
202600922,فاتورة مبيعات سعر التوزيع,2026-03-18,Al Souiah Mall BR,مستودع السيوح مول,QSQ595,0,1,0,0,185.71,32.4,,Silver,36
1,فاتورة بضاعة أول المدة,2026-01-01,Al Souiah Mall BR,مستودع السيوح مول,QSQ595,1,0,1,32.4,0,32.4,بضاعة أول المدة مولدة من عملية التدوير 01/01/2026,Silver,38
202600390,فاتورة مبيعات سعر التوزيع,2026-02-14,Al Souiah Mall BR,مستودع السيوح مول,QSQ595,0,1,0,0,185.71,32.4,,Silver,38
1,فاتورة بضاعة أول المدة,2026-01-01,Al Souiah Mall BR,مستودع السيوح مول,QSQ595,1,0,1,32.4,0,32.4,بضاعة أول المدة مولدة من عملية التدوير 01/01/2026,Silver,40
202600607,فاتورة مبيعات سعر التوزيع,2026-03-08,Al Souiah Mall BR,مستودع السيوح مول,QSQ595,0,1,0,0,185.71,32.4,,Silver,40
1,فاتورة بضاعة أول المدة,2026-01-01,Al Souiah Mall BR,مستودع السيوح مول,QSQ595,1,0,1,32.4,0,32.4,بضاعة أول المدة مولدة من عملية التدوير 01/01/2026,Gold,36
202601164,فاتورة مبيعات سعر التوزيع,2026-04-04,Al Souiah Mall BR,مستودع السيوح مول,QSQ595,0,1,0,0,185.71,32.4,,Gold,36
1,فاتورة بضاعة أول المدة,2026-01-01,Al Souiah Mall BR,مستودع السيوح مول,QSQ595,1,0,1,32.4,0,32.4,بضاعة أول المدة مولدة من عملية التدوير 01/01/2026,Gold,41
202600242,فاتورة مبيعات سعر التوزيع,2026-01-31,Al Souiah Mall BR,مستودع السيوح مول,QSQ595,0,1,0,0,185.71,32.4,,Gold,41
1,فاتورة بضاعة أول المدة,2026-01-01,Bawabat Al Sharq Mall,مستودع بوابة الشرق,QSQ595,1,0,1,32.4,0,32.4,بضاعة أول المدة مولدة من عملية التدوير 01/01/2026,Black,36
1,فاتورة بضاعة أول المدة,2026-01-01,Bawabat Al Sharq Mall,مستودع بوابة الشرق,QSQ595,4,0,4,32.4,0,32.4,بضاعة أول المدة مولدة من عملية التدوير 01/01/2026,Black,37
1,فاتورة بضاعة أول المدة,2026-01-01,Bawabat Al Sharq Mall,مستودع بوابة الشرق,QSQ595,6,0,6,32.4,0,32.4,بضاعة أول المدة مولدة من عملية التدوير 01/01/2026,Black,38
202603372,فاتورة مبيعات سعر التوزيع,2026-06-05,Bawabat Al Sharq Mall,مستودع بوابة الشرق,QSQ595,0,1,5,0,185.71,32.4,,Black,38
202600201,فاتورة مرتجع مبيعات سعر التوزيع,2026-06-17,Bawabat Al Sharq Mall,مستودع بوابة الشرق,QSQ595,1,0,6,185.71,0,32.4,,Black,38
1,فاتورة بضاعة أول المدة,2026-01-01,Bawabat Al Sharq Mall,مستودع بوابة الشرق,QSQ595,4,0,4,32.4,0,32.4,بضاعة أول المدة مولدة من عملية التدوير 01/01/2026,Black,39
202600904,فاتورة مبيعات سعر التوزيع,2026-03-08,Bawabat Al Sharq Mall,مستودع بوابة الشرق,QSQ595,0,1,3,0,185.71,32.4,,Black,39
202602791,فاتورة مبيعات سعر التوزيع,2026-05-22,Bawabat Al Sharq Mall,مستودع بوابة الشرق,QSQ595,0,1,2,0,185.71,32.4,,Black,39
1,فاتورة بضاعة أول المدة,2026-01-01,Bawabat Al Sharq Mall,مستودع بوابة الشرق,QSQ595,4,0,4,32.4,0,32.4,بضاعة أول المدة مولدة من عملية التدوير 01/01/2026,Black,40
202600148,فاتورة مبيعات سعر التوزيع,2026-01-09,Bawabat Al Sharq Mall,مستودع بوابة الشرق,QSQ595,0,1,3,0,185.71,32.4,,Black,40
202604037,فاتورة مبيعات سعر التوزيع,2026-07-19,Bawabat Al Sharq Mall,مستودع بوابة الشرق,QSQ595,0,1,2,0,185.71,32.4,,Black,40
1,فاتورة بضاعة أول المدة,2026-01-01,Bawabat Al Sharq Mall,مستودع بوابة الشرق,QSQ595,1,0,1,32.4,0,32.4,بضاعة أول المدة مولدة من عملية التدوير 01/01/2026,Black,41
202601421,فاتورة مبيعات سعر التوزيع,2026-03-16,Bawabat Al Sharq Mall,مستودع بوابة الشرق,QSQ595,0,1,0,0,185.71,32.4,,Black,41
1,فاتورة بضاعة أول المدة,2026-01-01,Bawabat Al Sharq Mall,مستودع بوابة الشرق,QSQ595,1,0,1,32.4,0,32.4,بضاعة أول المدة مولدة من عملية التدوير 01/01/2026,Silver,36
202600408,فاتورة مبيعات سعر التوزيع,2026-02-02,Bawabat Al Sharq Mall,مستودع بوابة الشرق,QSQ595,0,1,0,0,185.71,32.4,,Silver,36
1,فاتورة بضاعة أول المدة,2026-01-01,Bawabat Al Sharq Mall,مستودع بوابة الشرق,QSQ595,1,0,1,32.4,0,32.4,بضاعة أول المدة مولدة من عملية التدوير 01/01/2026,Silver,37
202600456,فاتورة مبيعات سعر التوزيع,2026-02-06,Bawabat Al Sharq Mall,مستودع بوابة الشرق,QSQ595,0,1,0,0,185.71,32.4,,Silver,37
1,فاتورة بضاعة أول المدة,2026-01-01,Bawabat Al Sharq Mall,مستودع بوابة الشرق,QSQ595,1,0,1,32.4,0,32.4,بضاعة أول المدة مولدة من عملية التدوير 01/01/2026,Silver,38
202601016,فاتورة مبيعات سعر التوزيع,2026-03-10,Bawabat Al Sharq Mall,مستودع بوابة الشرق,QSQ595,0,1,0,0,185.71,32.4,,Silver,38
1,فاتورة بضاعة أول المدة,2026-01-01,Bawabat Al Sharq Mall,مستودع بوابة الشرق,QSQ595,1,0,1,32.4,0,32.4,بضاعة أول المدة مولدة من عملية التدوير 01/01/2026,Silver,39
202602560,فاتورة مبيعات سعر التوزيع,2026-05-14,Bawabat Al Sharq Mall,مستودع بوابة الشرق,QSQ595,0,1,0,0,185.71,32.4,,Silver,39
1,فاتورة بضاعة أول المدة,2026-01-01,Bawabat Al Sharq Mall,مستودع بوابة الشرق,QSQ595,1,0,1,32.4,0,32.4,بضاعة أول المدة مولدة من عملية التدوير 01/01/2026,Silver,40
202600960,فاتورة مبيعات سعر التوزيع,2026-03-10,Bawabat Al Sharq Mall,مستودع بوابة الشرق,QSQ595,0,1,0,0,185.71,32.4,,Silver,40
1,فاتورة بضاعة أول المدة,2026-01-01,Bawabat Al Sharq Mall,مستودع بوابة الشرق,QSQ595,1,0,1,32.4,0,32.4,بضاعة أول المدة مولدة من عملية التدوير 01/01/2026,Silver,41
202600378,فاتورة مبيعات سعر التوزيع,2026-01-31,Bawabat Al Sharq Mall,مستودع بوابة الشرق,QSQ595,0,1,0,0,185.71,32.4,,Silver,41
1,فاتورة بضاعة أول المدة,2026-01-01,Bawabat Al Sharq Mall,مستودع بوابة الشرق,QSQ595,1,0,1,32.4,0,32.4,بضاعة أول المدة مولدة من عملية التدوير 01/01/2026,Gold,36
1,فاتورة بضاعة أول المدة,2026-01-01,Bawabat Al Sharq Mall,مستودع بوابة الشرق,QSQ595,1,0,1,32.4,0,32.4,بضاعة أول المدة مولدة من عملية التدوير 01/01/2026,Gold,37
202604012,فاتورة مبيعات سعر التوزيع,2026-07-16,Bawabat Al Sharq Mall,مستودع بوابة الشرق,QSQ595,0,1,0,0,185.71,32.4,,Gold,37
1,فاتورة بضاعة أول المدة,2026-01-01,Bawabat Al Sharq Mall,مستودع بوابة الشرق,QSQ595,1,0,1,32.4,0,32.4,بضاعة أول المدة مولدة من عملية التدوير 01/01/2026,Gold,38
1,فاتورة بضاعة أول المدة,2026-01-01,Bawabat Al Sharq Mall,مستودع بوابة الشرق,QSQ595,1,0,1,32.4,0,32.4,بضاعة أول المدة مولدة من عملية التدوير 01/01/2026,Gold,39
202601220,فاتورة مبيعات سعر التوزيع,2026-03-14,Bawabat Al Sharq Mall,مستودع بوابة الشرق,QSQ595,0,1,0,0,185.71,32.4,,Gold,39
1,فاتورة بضاعة أول المدة,2026-01-01,Bawabat Al Sharq Mall,مستودع بوابة الشرق,QSQ595,1,0,1,32.4,0,32.4,بضاعة أول المدة مولدة من عملية التدوير 01/01/2026,Gold,40
202601423,فاتورة مبيعات سعر التوزيع,2026-03-16,Bawabat Al Sharq Mall,مستودع بوابة الشرق,QSQ595,0,1,0,0,185.71,32.4,,Gold,40
1,فاتورة بضاعة أول المدة,2026-01-01,Bawabat Al Sharq Mall,مستودع بوابة الشرق,QSQ595,2,0,2,32.4,0,32.4,بضاعة أول المدة مولدة من عملية التدوير 01/01/2026,Gold,41
202603477,فاتورة مبيعات سعر التوزيع,2026-06-12,Bawabat Al Sharq Mall,مستودع بوابة الشرق,QSQ595,0,1,1,0,185.71,32.4,,Gold,41
202603618,فاتورة مبيعات سعر التوزيع,2026-06-25,Bawabat Al Sharq Mall,مستودع بوابة الشرق,QSQ595,0,1,0,0,185.71,32.4,,Gold,41
2,فاتورة بضاعة أول المدة,2026-01-01,City Centre Al Dhait BR,مستودع سيتي سنتر الظيت,HSQB23,1,0,1,33.91,0,33.91,بضاعة أول المدة مولدة من عملية التدوير 01/01/2026,Black,37
202600064,فاتورة مبيعات سعر المبيع,2026-01-05,City Centre Al Dhait BR,مستودع سيتي سنتر الظيت,HSQB23,0,1,0,0,37.14,33.91,,Black,37
2,فاتورة بضاعة أول المدة,2026-01-01,City Centre Al Dhait BR,مستودع سيتي سنتر الظيت,HSQB23,2,0,2,33.91,0,33.91,بضاعة أول المدة مولدة من عملية التدوير 01/01/2026,Black,38
202600119,فاتورة الإخراج,2026-03-10,City Centre Al Dhait BR,مستودع سيتي سنتر الظيت,HSQB23,0,2,0,0,33.91,33.91,Mairid Br. Keep and take after ramadan (62) Tapes,Black,38
2,فاتورة بضاعة أول المدة,2026-01-01,City Centre Al Dhait BR,مستودع سيتي سنتر الظيت,HSQB23,1,0,1,33.91,0,33.91,بضاعة أول المدة مولدة من عملية التدوير 01/01/2026,Black,39
202600119,فاتورة الإخراج,2026-03-10,City Centre Al Dhait BR,مستودع سيتي سنتر الظيت,HSQB23,0,1,0,0,33.91,33.91,Mairid Br. Keep and take after ramadan (62) Tapes,Black,39
2,فاتورة بضاعة أول المدة,2026-01-01,City Centre Al Dhait BR,مستودع سيتي سنتر الظيت,HSQB23,1,0,1,33.91,0,33.91,بضاعة أول المدة مولدة من عملية التدوير 01/01/2026,Black,40
202600119,فاتورة الإخراج,2026-03-10,City Centre Al Dhait BR,مستودع سيتي سنتر الظيت,HSQB23,0,1,0,0,33.91,33.91,Mairid Br. Keep and take after ramadan (62) Tapes,Black,40
2,فاتورة بضاعة أول المدة,2026-01-01,City Centre Al Dhait BR,مستودع سيتي سنتر الظيت,HSQB23,1,0,1,33.91,0,33.91,بضاعة أول المدة مولدة من عملية التدوير 01/01/2026,Black,41
202600119,فاتورة الإخراج,2026-03-10,City Centre Al Dhait BR,مستودع سيتي سنتر الظيت,HSQB23,0,1,0,0,33.91,33.91,Mairid Br. Keep and take after ramadan (62) Tapes,Black,41
2,فاتورة بضاعة أول المدة,2026-01-01,City Centre Al Dhait BR,مستودع سيتي سنتر الظيت,HSQB23,1,0,1,33.91,0,33.91,بضاعة أول المدة مولدة من عملية التدوير 01/01/2026,Silver,36
202600119,فاتورة الإخراج,2026-03-10,City Centre Al Dhait BR,مستودع سيتي سنتر الظيت,HSQB23,0,1,0,0,33.91,33.91,Mairid Br. Keep and take after ramadan (62) Tapes,Silver,36
2,فاتورة بضاعة أول المدة,2026-01-01,City Centre Al Dhait BR,مستودع سيتي سنتر الظيت,HSQB23,1,0,1,33.91,0,33.91,بضاعة أول المدة مولدة من عملية التدوير 01/01/2026,Silver,37
202600119,فاتورة الإخراج,2026-03-10,City Centre Al Dhait BR,مستودع سيتي سنتر الظيت,HSQB23,0,1,0,0,33.91,33.91,Mairid Br. Keep and take after ramadan (62) Tapes,Silver,37
2,فاتورة بضاعة أول المدة,2026-01-01,City Centre Al Dhait BR,مستودع سيتي سنتر الظيت,HSQB23,3,0,3,33.91,0,33.91,بضاعة أول المدة مولدة من عملية التدوير 01/01/2026,Silver,38
202600119,فاتورة الإخراج,2026-03-10,City Centre Al Dhait BR,مستودع سيتي سنتر الظيت,HSQB23,0,3,0,0,33.91,33.91,Mairid Br. Keep and take after ramadan (62) Tapes,Silver,38
2,فاتورة بضاعة أول المدة,2026-01-01,City Centre Al Dhait BR,مستودع سيتي سنتر الظيت,HSQB23,2,0,2,33.91,0,33.91,بضاعة أول المدة مولدة من عملية التدوير 01/01/2026,Silver,39
202600119,فاتورة الإخراج,2026-03-10,City Centre Al Dhait BR,مستودع سيتي سنتر الظيت,HSQB23,0,2,0,0,33.91,33.91,Mairid Br. Keep and take after ramadan (62) Tapes,Silver,39
2,فاتورة بضاعة أول المدة,2026-01-01,City Centre Al Dhait BR,مستودع سيتي سنتر الظيت,HSQB23,2,0,2,33.91,0,33.91,بضاعة أول المدة مولدة من عملية التدوير 01/01/2026,Silver,40
202600119,فاتورة الإخراج,2026-03-10,City Centre Al Dhait BR,مستودع سيتي سنتر الظيت,HSQB23,0,2,0,0,33.91,33.91,Mairid Br. Keep and take after ramadan (62) Tapes,Silver,40
2,فاتورة بضاعة أول المدة,2026-01-01,City Centre Al Dhait BR,مستودع سيتي سنتر الظيت,HSQB23,1,0,1,33.91,0,33.91,بضاعة أول المدة مولدة من عملية التدوير 01/01/2026,Silver,41
202600119,فاتورة الإخراج,2026-03-10,City Centre Al Dhait BR,مستودع سيتي سنتر الظيت,HSQB23,0,1,0,0,33.91,33.91,Mairid Br. Keep and take after ramadan (62) Tapes,Silver,41
2,فاتورة بضاعة أول المدة,2026-01-01,City Centre Al Dhait BR,مستودع سيتي سنتر الظيت,HSQB23,1,0,1,33.91,0,33.91,بضاعة أول المدة مولدة من عملية التدوير 01/01/2026,Silver,42
202600119,فاتورة الإخراج,2026-03-10,City Centre Al Dhait BR,مستودع سيتي سنتر الظيت,HSQB23,0,1,0,0,33.91,33.91,Mairid Br. Keep and take after ramadan (62) Tapes,Silver,42
2,فاتورة بضاعة أول المدة,2026-01-01,City Centre Al Dhait BR,مستودع سيتي سنتر الظيت,HSQB23,1,0,1,33.91,0,33.91,بضاعة أول المدة مولدة من عملية التدوير 01/01/2026,Gold,36
202600465,فاتورة مبيعات سعر المبيع,2026-02-11,City Centre Al Dhait BR,مستودع سيتي سنتر الظيت,HSQB23,0,1,0,0,37.14,33.91,,Gold,36
2,فاتورة بضاعة أول المدة,2026-01-01,City Centre Al Dhait BR,مستودع سيتي سنتر الظيت,HSQB23,1,0,1,33.91,0,33.91,بضاعة أول المدة مولدة من عملية التدوير 01/01/2026,Gold,38
202600149,فاتورة مبيعات سعر المبيع,2026-01-14,City Centre Al Dhait BR,مستودع سيتي سنتر الظيت,HSQB23,0,1,0,0,37.14,33.91,57792839,Gold,38
2,فاتورة بضاعة أول المدة,2026-01-01,City Centre Al Dhait BR,مستودع سيتي سنتر الظيت,HSQB23,1,0,1,33.91,0,33.91,بضاعة أول المدة مولدة من عملية التدوير 01/01/2026,Gold,41
202600119,فاتورة الإخراج,2026-03-10,City Centre Al Dhait BR,مستودع سيتي سنتر الظيت,HSQB23,0,1,0,0,33.91,33.91,Mairid Br. Keep and take after ramadan (62) Tapes,Gold,41
2,فاتورة بضاعة أول المدة,2026-01-01,City Centre Al Dhait BR,مستودع سيتي سنتر الظيت,HSQB23,1,0,1,33.91,0,33.91,بضاعة أول المدة مولدة من عملية التدوير 01/01/2026,Gold,42
202600119,فاتورة الإخراج,2026-03-10,City Centre Al Dhait BR,مستودع سيتي سنتر الظيت,HSQB23,0,1,0,0,33.91,33.91,Mairid Br. Keep and take after ramadan (62) Tapes,Gold,42
202600259,فاتورة الإدخال,2026-04-27,MADINAT ZAYED BR,مستودع مدينة زايد,HSQB23,1,0,1,10,0,10,MADINAT ZAYED br 4 tape,Black,36
202600319,فاتورة الإدخال,2026-06-16,MADINAT ZAYED BR,مستودع مدينة زايد,HSQB23,1,0,2,10,0,10,madinat zayed 22 tape,Black,36
202615337,فاتورة مبيعات سعر نصف الجمله,2026-08-03,MADINAT ZAYED BR,مستودع مدينة زايد,HSQB23,0,1,1,0,27.62,10,,Black,36
202600259,فاتورة الإدخال,2026-04-27,MADINAT ZAYED BR,مستودع مدينة زايد,HSQB23,2,0,2,10,0,10,MADINAT ZAYED br 4 tape,Black,37
202600319,فاتورة الإدخال,2026-06-16,MADINAT ZAYED BR,مستودع مدينة زايد,HSQB23,1,0,3,10,0,10,madinat zayed 22 tape,Black,37
202613656,فاتورة مبيعات سعر نصف الجمله,2026-07-06,MADINAT ZAYED BR,مستودع مدينة زايد,HSQB23,0,1,2,0,27.62,10,,Black,37
202614823,فاتورة مبيعات سعر نصف الجمله,2026-07-25,MADINAT ZAYED BR,مستودع مدينة زايد,HSQB23,0,1,1,0,27.62,10,,Black,37
202616635,فاتورة مبيعات سعر نصف الجمله,2026-08-29,MADINAT ZAYED BR,مستودع مدينة زايد,HSQB23,0,1,0,0,27.62,10,,Black,37
202600259,فاتورة الإدخال,2026-04-27,MADINAT ZAYED BR,مستودع مدينة زايد,HSQB23,2,0,2,10,0,10,MADINAT ZAYED br 4 tape,Black,38
202610062,فاتورة مبيعات سعر نصف الجمله,2026-05-21,MADINAT ZAYED BR,مستودع مدينة زايد,HSQB23,0,1,1,0,27.62,10,,Black,38
202611664,فاتورة مبيعات سعر نصف الجمله,2026-06-07,MADINAT ZAYED BR,مستودع مدينة زايد,HSQB23,0,1,0,0,27.62,10,589440814,Black,38
202600319,فاتورة الإدخال,2026-06-16,MADINAT ZAYED BR,مستودع مدينة زايد,HSQB23,2,0,2,10,0,10,madinat zayed 22 tape,Black,38
202612688,فاتورة مبيعات سعر نصف الجمله,2026-06-23,MADINAT ZAYED BR,مستودع مدينة زايد,HSQB23,0,1,1,0,27.62,10,,Black,38
202616328,فاتورة مبيعات سعر نصف الجمله,2026-08-23,MADINAT ZAYED BR,مستودع مدينة زايد,HSQB23,0,1,0,0,27.62,10,,Black,38
202600259,فاتورة الإدخال,2026-04-27,MADINAT ZAYED BR,مستودع مدينة زايد,HSQB23,1,0,1,10,0,10,MADINAT ZAYED br 4 tape,Black,39
202600319,فاتورة الإدخال,2026-06-16,MADINAT ZAYED BR,مستودع مدينة زايد,HSQB23,1,0,2,10,0,10,madinat zayed 22 tape,Black,39
202612296,فاتورة مبيعات سعر نصف الجمله,2026-06-17,MADINAT ZAYED BR,مستودع مدينة زايد,HSQB23,0,1,1,0,27.62,10,,Black,39
202600319,فاتورة الإدخال,2026-06-16,MADINAT ZAYED BR,مستودع مدينة زايد,HSQB23,1,0,1,10,0,10,madinat zayed 22 tape,Black,41
202616823,فاتورة مبيعات سعر نصف الجمله,2026-09-02,MADINAT ZAYED BR,مستودع مدينة زايد,HSQB23,0,1,0,0,27.62,10,,Black,41
202600259,فاتورة الإدخال,2026-04-27,MADINAT ZAYED BR,مستودع مدينة زايد,HSQB23,1,0,1,10,0,10,MADINAT ZAYED br 4 tape,Black,42
202600319,فاتورة الإدخال,2026-06-16,MADINAT ZAYED BR,مستودع مدينة زايد,HSQB23,1,0,2,10,0,10,madinat zayed 22 tape,Black,42
202600259,فاتورة الإدخال,2026-04-27,MADINAT ZAYED BR,مستودع مدينة زايد,HSQB23,1,0,1,10,0,10,MADINAT ZAYED br 4 tape,Silver,36
202600319,فاتورة الإدخال,2026-06-16,MADINAT ZAYED BR,مستودع مدينة زايد,HSQB23,1,0,2,10,0,10,madinat zayed 22 tape,Silver,36
202614280,فاتورة مبيعات سعر نصف الجمله,2026-07-15,MADINAT ZAYED BR,مستودع مدينة زايد,HSQB23,0,1,1,0,27.62,10,,Silver,36
202614584,فاتورة مبيعات سعر نصف الجمله,2026-07-21,MADINAT ZAYED BR,مستودع مدينة زايد,HSQB23,0,1,0,0,27.62,10,,Silver,36
202600259,فاتورة الإدخال,2026-04-27,MADINAT ZAYED BR,مستودع مدينة زايد,HSQB23,2,0,2,10,0,10,MADINAT ZAYED br 4 tape,Silver,37
202600319,فاتورة الإدخال,2026-06-16,MADINAT ZAYED BR,مستودع مدينة زايد,HSQB23,1,0,3,10,0,10,madinat zayed 22 tape,Silver,37
202616533,فاتورة مبيعات سعر نصف الجمله,2026-08-27,MADINAT ZAYED BR,مستودع مدينة زايد,HSQB23,0,1,2,0,27.62,10,,Silver,37
202600259,فاتورة الإدخال,2026-04-27,MADINAT ZAYED BR,مستودع مدينة زايد,HSQB23,3,0,3,10,0,10,MADINAT ZAYED br 4 tape,Silver,38
202610279,فاتورة مبيعات سعر نصف الجمله,2026-05-23,MADINAT ZAYED BR,مستودع مدينة زايد,HSQB23,0,1,2,0,27.62,10,,Silver,38
202600319,فاتورة الإدخال,2026-06-16,MADINAT ZAYED BR,مستودع مدينة زايد,HSQB23,2,0,4,10,0,10,madinat zayed 22 tape,Silver,38
202614661,فاتورة مبيعات سعر نصف الجمله,2026-07-23,MADINAT ZAYED BR,مستودع مدينة زايد,HSQB23,0,1,3,0,27.62,10,,Silver,38
202600259,فاتورة الإدخال,2026-04-27,MADINAT ZAYED BR,مستودع مدينة زايد,HSQB23,1,0,1,10,0,10,MADINAT ZAYED br 4 tape,Silver,39
202600319,فاتورة الإدخال,2026-06-16,MADINAT ZAYED BR,مستودع مدينة زايد,HSQB23,1,0,2,10,0,10,madinat zayed 22 tape,Silver,39
202615670,فاتورة مبيعات سعر نصف الجمله,2026-08-09,MADINAT ZAYED BR,مستودع مدينة زايد,HSQB23,0,1,1,0,27.62,10,,Silver,39
202600259,فاتورة الإدخال,2026-04-27,MADINAT ZAYED BR,مستودع مدينة زايد,HSQB23,2,0,2,10,0,10,MADINAT ZAYED br 4 tape,Silver,40
202610454,فاتورة مبيعات سعر نصف الجمله,2026-05-24,MADINAT ZAYED BR,مستودع مدينة زايد,HSQB23,0,1,1,0,27.62,10,,Silver,40
202600319,فاتورة الإدخال,2026-06-16,MADINAT ZAYED BR,مستودع مدينة زايد,HSQB23,2,0,3,10,0,10,madinat zayed 22 tape,Silver,40
202600259,فاتورة الإدخال,2026-04-27,MADINAT ZAYED BR,مستودع مدينة زايد,HSQB23,1,0,1,10,0,10,MADINAT ZAYED br 4 tape,Silver,41
202600319,فاتورة الإدخال,2026-06-16,MADINAT ZAYED BR,مستودع مدينة زايد,HSQB23,1,0,2,10,0,10,madinat zayed 22 tape,Silver,41
202600259,فاتورة الإدخال,2026-04-27,MADINAT ZAYED BR,مستودع مدينة زايد,HSQB23,1,0,1,10,0,10,MADINAT ZAYED br 4 tape,Silver,42
202600319,فاتورة الإدخال,2026-06-16,MADINAT ZAYED BR,مستودع مدينة زايد,HSQB23,1,0,2,10,0,10,madinat zayed 22 tape,Silver,42
202600259,فاتورة الإدخال,2026-04-27,MADINAT ZAYED BR,مستودع مدينة زايد,HSQB23,1,0,1,10,0,10,MADINAT ZAYED br 4 tape,Gold,37
202612235,فاتورة مبيعات سعر نصف الجمله,2026-06-16,MADINAT ZAYED BR,مستودع مدينة زايد,HSQB23,0,1,0,0,27.62,10,,Gold,37
202600259,فاتورة الإدخال,2026-04-27,MADINAT ZAYED BR,مستودع مدينة زايد,HSQB23,1,0,1,10,0,10,MADINAT ZAYED br 4 tape,Gold,41
202600259,فاتورة الإدخال,2026-04-27,MADINAT ZAYED BR,مستودع مدينة زايد,HSQB23,1,0,1,10,0,10,MADINAT ZAYED br 4 tape,Gold,42
1,فاتورة بضاعة أول المدة,2026-01-01,AJMAN CHINA MALL BR,مستودع السوق الصيني عجمان,HSQB23,1,0,1,21.96,0,21.96,بضاعة أول المدة مولدة من عملية التدوير 01/01/2026,Black,36
202600334,فاتورة الإدخال,2026-06-08,AJMAN CHINA MALL BR,مستودع السوق الصيني عجمان,HSQB23,1,0,2,10,0,15.98,AJMAN CHINA MAL [24]tape,Black,36
202612950,فاتورة مبيعات سعر نصف الجمله,2026-07-24,AJMAN CHINA MALL BR,مستودع السوق الصيني عجمان,HSQB23,0,1,1,0,27.62,15.98,,Black,36
1,فاتورة بضاعة أول المدة,2026-01-01,AJMAN CHINA MALL BR,مستودع السوق الصيني عجمان,HSQB23,5,0,5,33.91,0,33.91,بضاعة أول المدة مولدة من عملية التدوير 01/01/2026,Black,37
202602726,فاتورة مبيعات سعر نصف الجمله,2026-02-11,AJMAN CHINA MALL BR,مستودع السوق الصيني عجمان,HSQB23,0,1,4,0,37.14,33.91,,Black,37
202602943,فاتورة مبيعات سعر نصف الجمله,2026-02-15,AJMAN CHINA MALL BR,مستودع السوق الصيني عجمان,HSQB23,0,1,3,0,37.14,33.91,,Black,37
202607023,فاتورة مبيعات سعر نصف الجمله,2026-04-12,AJMAN CHINA MALL BR,مستودع السوق الصيني عجمان,HSQB23,0,1,2,0,27.62,33.91,,Black,37
202600334,فاتورة الإدخال,2026-06-08,AJMAN CHINA MALL BR,مستودع السوق الصيني عجمان,HSQB23,1,0,3,10,0,25.94,AJMAN CHINA MAL [24]tape,Black,37
202612040,فاتورة مبيعات سعر نصف الجمله,2026-07-05,AJMAN CHINA MALL BR,مستودع السوق الصيني عجمان,HSQB23,0,1,2,0,27.62,25.94,,Black,37
202614414,فاتورة مبيعات سعر نصف الجمله,2026-08-22,AJMAN CHINA MALL BR,مستودع السوق الصيني عجمان,HSQB23,0,1,1,0,27.62,25.94,,Black,37
1,فاتورة بضاعة أول المدة,2026-01-01,AJMAN CHINA MALL BR,مستودع السوق الصيني عجمان,HSQB23,5,0,5,20.76,0,20.76,بضاعة أول المدة مولدة من عملية التدوير 01/01/2026,Black,38
202607023,فاتورة مبيعات سعر نصف الجمله,2026-04-12,AJMAN CHINA MALL BR,مستودع السوق الصيني عجمان,HSQB23,0,1,4,0,27.62,20.76,,Black,38
1,فاتورة بضاعة أول المدة,2026-01-01,AJMAN CHINA MALL BR,مستودع السوق الصيني عجمان,HSQB23,4,0,4,21.48,0,21.48,بضاعة أول المدة مولدة من عملية التدوير 01/01/2026,Black,39
202602914,فاتورة مبيعات سعر نصف الجمله,2026-02-14,AJMAN CHINA MALL BR,مستودع السوق الصيني عجمان,HSQB23,0,1,3,0,37.14,21.48,,Black,39
202607023,فاتورة مبيعات سعر نصف الجمله,2026-04-12,AJMAN CHINA MALL BR,مستودع السوق الصيني عجمان,HSQB23,0,1,2,0,27.62,21.48,,Black,39
202608018,فاتورة مبيعات سعر نصف الجمله,2026-05-03,AJMAN CHINA MALL BR,مستودع السوق الصيني عجمان,HSQB23,0,1,1,0,27.62,21.48,,Black,39
202600334,فاتورة الإدخال,2026-06-08,AJMAN CHINA MALL BR,مستودع السوق الصيني عجمان,HSQB23,1,0,2,10,0,15.74,AJMAN CHINA MAL [24]tape,Black,39
202610561,فاتورة مبيعات سعر نصف الجمله,2026-06-08,AJMAN CHINA MALL BR,مستودع السوق الصيني عجمان,HSQB23,0,1,1,0,27.62,15.74,,Black,39
202612802,فاتورة مبيعات سعر نصف الجمله,2026-07-20,AJMAN CHINA MALL BR,مستودع السوق الصيني عجمان,HSQB23,0,1,0,0,27.62,15.74,,Black,39
1,فاتورة بضاعة أول المدة,2026-01-01,AJMAN CHINA MALL BR,مستودع السوق الصيني عجمان,HSQB23,2,0,2,33.91,0,33.91,بضاعة أول المدة مولدة من عملية التدوير 01/01/2026,Black,40
1,فاتورة بضاعة أول المدة,2026-01-01,AJMAN CHINA MALL BR,مستودع السوق الصيني عجمان,HSQB23,4,0,4,21.96,0,21.96,بضاعة أول المدة مولدة من عملية التدوير 01/01/2026,Black,41
202600334,فاتورة الإدخال,2026-06-08,AJMAN CHINA MALL BR,مستودع السوق الصيني عجمان,HSQB23,1,0,5,10,0,19.56,AJMAN CHINA MAL [24]tape,Black,41
1,فاتورة بضاعة أول المدة,2026-01-01,AJMAN CHINA MALL BR,مستودع السوق الصيني عجمان,HSQB23,3,0,3,20.63,0,20.63,بضاعة أول المدة مولدة من عملية التدوير 01/01/2026,Black,42
202600334,فاتورة الإدخال,2026-06-08,AJMAN CHINA MALL BR,مستودع السوق الصيني عجمان,HSQB23,1,0,4,10,0,17.97,AJMAN CHINA MAL [24]tape,Black,42
1,فاتورة بضاعة أول المدة,2026-01-01,AJMAN CHINA MALL BR,مستودع السوق الصيني عجمان,HSQB23,1,0,1,10,0,10,بضاعة أول المدة مولدة من عملية التدوير 01/01/2026,Silver,36
202600334,فاتورة الإدخال,2026-06-08,AJMAN CHINA MALL BR,مستودع السوق الصيني عجمان,HSQB23,1,0,2,10,0,10,AJMAN CHINA MAL [24]tape,Silver,36
1,فاتورة بضاعة أول المدة,2026-01-01,AJMAN CHINA MALL BR,مستودع السوق الصيني عجمان,HSQB23,2,0,2,10,0,10,بضاعة أول المدة مولدة من عملية التدوير 01/01/2026,Silver,37
202600334,فاتورة الإدخال,2026-06-08,AJMAN CHINA MALL BR,مستودع السوق الصيني عجمان,HSQB23,2,0,4,10,0,10,AJMAN CHINA MAL [24]tape,Silver,37
1,فاتورة بضاعة أول المدة,2026-01-01,AJMAN CHINA MALL BR,مستودع السوق الصيني عجمان,HSQB23,1,0,1,10,0,10,بضاعة أول المدة مولدة من عملية التدوير 01/01/2026,Silver,38
202600334,فاتورة الإدخال,2026-06-08,AJMAN CHINA MALL BR,مستودع السوق الصيني عجمان,HSQB23,1,0,2,10,0,10,AJMAN CHINA MAL [24]tape,Silver,38
1,فاتورة بضاعة أول المدة,2026-01-01,AJMAN CHINA MALL BR,مستودع السوق الصيني عجمان,HSQB23,2,0,2,10,0,10,بضاعة أول المدة مولدة من عملية التدوير 01/01/2026,Silver,39
1,فاتورة بضاعة أول المدة,2026-01-01,AJMAN CHINA MALL BR,مستودع السوق الصيني عجمان,HSQB23,2,0,2,10,0,10,بضاعة أول المدة مولدة من عملية التدوير 01/01/2026,Silver,40
202600334,فاتورة الإدخال,2026-06-08,AJMAN CHINA MALL BR,مستودع السوق الصيني عجمان,HSQB23,2,0,4,10,0,10,AJMAN CHINA MAL [24]tape,Silver,40
1,فاتورة بضاعة أول المدة,2026-01-01,AJMAN CHINA MALL BR,مستودع السوق الصيني عجمان,HSQB23,1,0,1,10,0,10,بضاعة أول المدة مولدة من عملية التدوير 01/01/2026,Silver,41
202600334,فاتورة الإدخال,2026-06-08,AJMAN CHINA MALL BR,مستودع السوق الصيني عجمان,HSQB23,1,0,2,10,0,10,AJMAN CHINA MAL [24]tape,Silver,41
1,فاتورة بضاعة أول المدة,2026-01-01,AJMAN CHINA MALL BR,مستودع السوق الصيني عجمان,HSQB23,1,0,1,10,0,10,بضاعة أول المدة مولدة من عملية التدوير 01/01/2026,Silver,42
202600334,فاتورة الإدخال,2026-06-08,AJMAN CHINA MALL BR,مستودع السوق الصيني عجمان,HSQB23,1,0,2,10,0,10,AJMAN CHINA MAL [24]tape,Silver,42
1,فاتورة بضاعة أول المدة,2026-01-01,AJMAN CHINA MALL BR,مستودع السوق الصيني عجمان,HSQB23,2,0,2,33.91,0,33.91,بضاعة أول المدة مولدة من عملية التدوير 01/01/2026,Gold,36
202602944,فاتورة مبيعات سعر نصف الجمله,2026-02-15,AJMAN CHINA MALL BR,مستودع السوق الصيني عجمان,HSQB23,0,1,1,0,37.14,33.91,,Gold,36
202605037,فاتورة مبيعات سعر نصف الجمله,2026-03-13,AJMAN CHINA MALL BR,مستودع السوق الصيني عجمان,HSQB23,0,1,0,0,27.62,33.91,,Gold,36
1,فاتورة بضاعة أول المدة,2026-01-01,AJMAN CHINA MALL BR,مستودع السوق الصيني عجمان,HSQB23,2,0,2,33.91,0,33.91,بضاعة أول المدة مولدة من عملية التدوير 01/01/2026,Gold,37
202604932,فاتورة مبيعات سعر نصف الجمله,2026-03-12,AJMAN CHINA MALL BR,مستودع السوق الصيني عجمان,HSQB23,0,1,1,0,27.62,33.91,,Gold,37
202605465,فاتورة مبيعات سعر نصف الجمله,2026-03-15,AJMAN CHINA MALL BR,مستودع السوق الصيني عجمان,HSQB23,0,1,0,0,27.62,33.91,,Gold,37
1,فاتورة بضاعة أول المدة,2026-01-01,AJMAN CHINA MALL BR,مستودع السوق الصيني عجمان,HSQB23,4,0,4,33.91,0,33.91,بضاعة أول المدة مولدة من عملية التدوير 01/01/2026,Gold,38
202601549,فاتورة مبيعات سعر نصف الجمله,2026-01-24,AJMAN CHINA MALL BR,مستودع السوق الصيني عجمان,HSQB23,0,1,3,0,37.14,33.91,,Gold,38
202608472,فاتورة مبيعات سعر نصف الجمله,2026-05-12,AJMAN CHINA MALL BR,مستودع السوق الصيني عجمان,HSQB23,0,1,2,0,27.62,33.91,,Gold,38
202608593,فاتورة مبيعات سعر نصف الجمله,2026-05-15,AJMAN CHINA MALL BR,مستودع السوق الصيني عجمان,HSQB23,0,1,1,0,27.62,33.91,,Gold,38
202608981,فاتورة مبيعات سعر نصف الجمله,2026-05-20,AJMAN CHINA MALL BR,مستودع السوق الصيني عجمان,HSQB23,0,1,0,0,27.62,33.91,,Gold,38
1,فاتورة بضاعة أول المدة,2026-01-01,AJMAN CHINA MALL BR,مستودع السوق الصيني عجمان,HSQB23,1,0,1,33.91,0,33.91,بضاعة أول المدة مولدة من عملية التدوير 01/01/2026,Gold,39
202604746,فاتورة مبيعات سعر نصف الجمله,2026-03-10,AJMAN CHINA MALL BR,مستودع السوق الصيني عجمان,HSQB23,0,1,0,0,27.62,33.91,,Gold,39
202600334,فاتورة الإدخال,2026-06-08,AJMAN CHINA MALL BR,مستودع السوق الصيني عجمان,HSQB23,1,0,1,10,0,10,AJMAN CHINA MAL [24]tape,Gold,39
1,فاتورة بضاعة أول المدة,2026-01-01,AJMAN CHINA MALL BR,مستودع السوق الصيني عجمان,HSQB23,3,0,3,17.97,0,17.97,بضاعة أول المدة مولدة من عملية التدوير 01/01/2026,Gold,40
202604964,فاتورة مبيعات سعر نصف الجمله,2026-03-12,AJMAN CHINA MALL BR,مستودع السوق الصيني عجمان,HSQB23,0,1,2,0,27.62,17.97,,Gold,40
202610542,فاتورة مبيعات سعر نصف الجمله,2026-06-07,AJMAN CHINA MALL BR,مستودع السوق الصيني عجمان,HSQB23,0,1,1,0,27.62,17.97,,Gold,40
202612592,فاتورة مبيعات سعر نصف الجمله,2026-07-16,AJMAN CHINA MALL BR,مستودع السوق الصيني عجمان,HSQB23,0,1,0,0,27.62,17.97,,Gold,40
1,فاتورة بضاعة أول المدة,2026-01-01,AJMAN CHINA MALL BR,مستودع السوق الصيني عجمان,HSQB23,3,0,3,25.94,0,25.94,بضاعة أول المدة مولدة من عملية التدوير 01/01/2026,Gold,41
202609041,فاتورة مبيعات سعر نصف الجمله,2026-05-21,AJMAN CHINA MALL BR,مستودع السوق الصيني عجمان,HSQB23,0,1,2,0,27.62,25.94,,Gold,41
202612738,فاتورة مبيعات سعر نصف الجمله,2026-07-19,AJMAN CHINA MALL BR,مستودع السوق الصيني عجمان,HSQB23,0,1,1,0,27.62,25.94,,Gold,41
202612838,فاتورة مبيعات سعر نصف الجمله,2026-07-21,AJMAN CHINA MALL BR,مستودع السوق الصيني عجمان,HSQB23,0,1,0,0,27.62,25.94,,Gold,41
1,فاتورة بضاعة أول المدة,2026-01-01,AJMAN CHINA MALL BR,مستودع السوق الصيني عجمان,HSQB23,5,0,5,19.56,0,19.56,بضاعة أول المدة مولدة من عملية التدوير 01/01/2026,Gold,42
1,فاتورة بضاعة أول المدة,2026-01-01,Kalba BR,مستودع كلباء (فرع 2),HSQB23,2,0,2,33.91,0,33.91,بضاعة أول المدة مولدة من عملية التدوير 01/01/2026,Black,36
202600355,فاتورة الإخراج,2026-08-02,Kalba BR,مستودع كلباء (فرع 2),HSQB23,0,2,0,0,33.91,33.91,City Center Al Zahia BR [ 53 tape ],Black,36
1,فاتورة بضاعة أول المدة,2026-01-01,Kalba BR,مستودع كلباء (فرع 2),HSQB23,4,0,4,33.91,0,33.91,بضاعة أول المدة مولدة من عملية التدوير 01/01/2026,Black,37
202606190,فاتورة مبيعات سعر المبيع,2026-05-07,Kalba BR,مستودع كلباء (فرع 2),HSQB23,0,1,3,0,37.14,33.91,,Black,37
202607781,فاتورة مبيعات سعر المبيع,2026-05-25,Kalba BR,مستودع كلباء (فرع 2),HSQB23,0,1,2,0,37.14,33.91,,Black,37
202600355,فاتورة الإخراج,2026-08-02,Kalba BR,مستودع كلباء (فرع 2),HSQB23,0,2,0,0,33.91,33.91,City Center Al Zahia BR [ 53 tape ],Black,37
1,فاتورة بضاعة أول المدة,2026-01-01,Kalba BR,مستودع كلباء (فرع 2),HSQB23,2,0,2,33.91,0,33.91,بضاعة أول المدة مولدة من عملية التدوير 01/01/2026,Black,38
202600355,فاتورة الإخراج,2026-08-02,Kalba BR,مستودع كلباء (فرع 2),HSQB23,0,2,0,0,33.91,33.91,City Center Al Zahia BR [ 53 tape ],Black,38
1,فاتورة بضاعة أول المدة,2026-01-01,Kalba BR,مستودع كلباء (فرع 2),HSQB23,4,0,4,33.91,0,33.91,بضاعة أول المدة مولدة من عملية التدوير 01/01/2026,Black,39
202600355,فاتورة الإخراج,2026-08-02,Kalba BR,مستودع كلباء (فرع 2),HSQB23,0,4,0,0,33.91,33.91,City Center Al Zahia BR [ 53 tape ],Black,39
1,فاتورة بضاعة أول المدة,2026-01-01,Kalba BR,مستودع كلباء (فرع 2),HSQB23,1,0,1,33.91,0,33.91,بضاعة أول المدة مولدة من عملية التدوير 01/01/2026,Black,40
202601385,فاتورة مبيعات سعر المبيع,2026-02-08,Kalba BR,مستودع كلباء (فرع 2),HSQB23,0,1,0,0,37.14,33.91,,Black,40
1,فاتورة بضاعة أول المدة,2026-01-01,Kalba BR,مستودع كلباء (فرع 2),HSQB23,2,0,2,33.91,0,33.91,بضاعة أول المدة مولدة من عملية التدوير 01/01/2026,Black,41
202600355,فاتورة الإخراج,2026-08-02,Kalba BR,مستودع كلباء (فرع 2),HSQB23,0,2,0,0,33.91,33.91,City Center Al Zahia BR [ 53 tape ],Black,41
1,فاتورة بضاعة أول المدة,2026-01-01,Kalba BR,مستودع كلباء (فرع 2),HSQB23,2,0,2,33.91,0,33.91,بضاعة أول المدة مولدة من عملية التدوير 01/01/2026,Black,42
202600355,فاتورة الإخراج,2026-08-02,Kalba BR,مستودع كلباء (فرع 2),HSQB23,0,2,0,0,33.91,33.91,City Center Al Zahia BR [ 53 tape ],Black,42
1,فاتورة بضاعة أول المدة,2026-01-01,Kalba BR,مستودع كلباء (فرع 2),HSQB23,1,0,1,33.91,0,33.91,بضاعة أول المدة مولدة من عملية التدوير 01/01/2026,Silver,36
202600355,فاتورة الإخراج,2026-08-02,Kalba BR,مستودع كلباء (فرع 2),HSQB23,0,1,0,0,33.91,33.91,City Center Al Zahia BR [ 53 tape ],Silver,36
1,فاتورة بضاعة أول المدة,2026-01-01,Kalba BR,مستودع كلباء (فرع 2),HSQB23,2,0,2,33.91,0,33.91,بضاعة أول المدة مولدة من عملية التدوير 01/01/2026,Silver,37
202607237,فاتورة مبيعات سعر المبيع,2026-05-24,Kalba BR,مستودع كلباء (فرع 2),HSQB23,0,1,1,0,37.14,33.91,,Silver,37
202600355,فاتورة الإخراج,2026-08-02,Kalba BR,مستودع كلباء (فرع 2),HSQB23,0,1,0,0,33.91,33.91,City Center Al Zahia BR [ 53 tape ],Silver,37
1,فاتورة بضاعة أول المدة,2026-01-01,Kalba BR,مستودع كلباء (فرع 2),HSQB23,3,0,3,33.91,0,33.91,بضاعة أول المدة مولدة من عملية التدوير 01/01/2026,Silver,38
202600355,فاتورة الإخراج,2026-08-02,Kalba BR,مستودع كلباء (فرع 2),HSQB23,0,3,0,0,33.91,33.91,City Center Al Zahia BR [ 53 tape ],Silver,38
1,فاتورة بضاعة أول المدة,2026-01-01,Kalba BR,مستودع كلباء (فرع 2),HSQB23,2,0,2,33.91,0,33.91,بضاعة أول المدة مولدة من عملية التدوير 01/01/2026,Silver,39
202600355,فاتورة الإخراج,2026-08-02,Kalba BR,مستودع كلباء (فرع 2),HSQB23,0,2,0,0,33.91,33.91,City Center Al Zahia BR [ 53 tape ],Silver,39
1,فاتورة بضاعة أول المدة,2026-01-01,Kalba BR,مستودع كلباء (فرع 2),HSQB23,2,0,2,33.91,0,33.91,بضاعة أول المدة مولدة من عملية التدوير 01/01/2026,Silver,40
202600550,فاتورة مبيعات سعر المبيع,2026-01-17,Kalba BR,مستودع كلباء (فرع 2),HSQB23,0,1,1,0,37.14,33.91,,Silver,40
202600551,فاتورة مبيعات سعر المبيع,2026-01-17,Kalba BR,مستودع كلباء (فرع 2),HSQB23,0,1,0,0,37.14,33.91,,Silver,40
1,فاتورة بضاعة أول المدة,2026-01-01,Kalba BR,مستودع كلباء (فرع 2),HSQB23,1,0,1,33.91,0,33.91,بضاعة أول المدة مولدة من عملية التدوير 01/01/2026,Silver,41
202600355,فاتورة الإخراج,2026-08-02,Kalba BR,مستودع كلباء (فرع 2),HSQB23,0,1,0,0,33.91,33.91,City Center Al Zahia BR [ 53 tape ],Silver,41
1,فاتورة بضاعة أول المدة,2026-01-01,Kalba BR,مستودع كلباء (فرع 2),HSQB23,1,0,1,33.91,0,33.91,بضاعة أول المدة مولدة من عملية التدوير 01/01/2026,Silver,42
202600355,فاتورة الإخراج,2026-08-02,Kalba BR,مستودع كلباء (فرع 2),HSQB23,0,1,0,0,33.91,33.91,City Center Al Zahia BR [ 53 tape ],Silver,42
1,فاتورة بضاعة أول المدة,2026-01-01,Kalba BR,مستودع كلباء (فرع 2),HSQB23,2,0,2,33.91,0,33.91,بضاعة أول المدة مولدة من عملية التدوير 01/01/2026,Gold,36
202605722,فاتورة مبيعات سعر المبيع,2026-04-17,Kalba BR,مستودع كلباء (فرع 2),HSQB23,0,1,1,0,37.14,33.91,,Gold,36
202600355,فاتورة الإخراج,2026-08-02,Kalba BR,مستودع كلباء (فرع 2),HSQB23,0,1,0,0,33.91,33.91,City Center Al Zahia BR [ 53 tape ],Gold,36
1,فاتورة بضاعة أول المدة,2026-01-01,Kalba BR,مستودع كلباء (فرع 2),HSQB23,2,0,2,33.91,0,33.91,بضاعة أول المدة مولدة من عملية التدوير 01/01/2026,Gold,37
202600355,فاتورة الإخراج,2026-08-02,Kalba BR,مستودع كلباء (فرع 2),HSQB23,0,2,0,0,33.91,33.91,City Center Al Zahia BR [ 53 tape ],Gold,37
1,فاتورة بضاعة أول المدة,2026-01-01,Kalba BR,مستودع كلباء (فرع 2),HSQB23,2,0,2,33.91,0,33.91,بضاعة أول المدة مولدة من عملية التدوير 01/01/2026,Gold,38
202601654,فاتورة مبيعات سعر المبيع,2026-02-13,Kalba BR,مستودع كلباء (فرع 2),HSQB23,0,1,1,0,37.14,33.91,,Gold,38
202609100,فاتورة مبيعات سعر المبيع,2026-07-26,Kalba BR,مستودع كلباء (فرع 2),HSQB23,0,1,0,0,37.14,33.91,,Gold,38
1,فاتورة بضاعة أول المدة,2026-01-01,Kalba BR,مستودع كلباء (فرع 2),HSQB23,3,0,3,33.91,0,33.91,بضاعة أول المدة مولدة من عملية التدوير 01/01/2026,Gold,39
202605861,فاتورة مبيعات سعر المبيع,2026-04-24,Kalba BR,مستودع كلباء (فرع 2),HSQB23,0,1,2,0,37.14,33.91,,Gold,39
202606585,فاتورة مبيعات سعر المبيع,2026-05-19,Kalba BR,مستودع كلباء (فرع 2),HSQB23,0,1,1,0,37.14,33.91,,Gold,39
202600355,فاتورة الإخراج,2026-08-02,Kalba BR,مستودع كلباء (فرع 2),HSQB23,0,1,0,0,33.91,33.91,City Center Al Zahia BR [ 53 tape ],Gold,39
1,فاتورة بضاعة أول المدة,2026-01-01,Kalba BR,مستودع كلباء (فرع 2),HSQB23,2,0,2,33.91,0,33.91,بضاعة أول المدة مولدة من عملية التدوير 01/01/2026,Gold,40
202605424,فاتورة مبيعات سعر المبيع,2026-03-28,Kalba BR,مستودع كلباء (فرع 2),HSQB23,0,1,1,0,37.14,33.91,,Gold,40
202608320,فاتورة مبيعات سعر المبيع,2026-06-05,Kalba BR,مستودع كلباء (فرع 2),HSQB23,0,1,0,0,37.14,33.91,,Gold,40
1,فاتورة بضاعة أول المدة,2026-01-01,Kalba BR,مستودع كلباء (فرع 2),HSQB23,2,0,2,33.91,0,33.91,بضاعة أول المدة مولدة من عملية التدوير 01/01/2026,Gold,41
202600355,فاتورة الإخراج,2026-08-02,Kalba BR,مستودع كلباء (فرع 2),HSQB23,0,2,0,0,33.91,33.91,City Center Al Zahia BR [ 53 tape ],Gold,41
1,فاتورة بضاعة أول المدة,2026-01-01,Kalba BR,مستودع كلباء (فرع 2),HSQB23,1,0,1,33.91,0,33.91,بضاعة أول المدة مولدة من عملية التدوير 01/01/2026,Gold,42
202600355,فاتورة الإخراج,2026-08-02,Kalba BR,مستودع كلباء (فرع 2),HSQB23,0,1,0,0,33.91,33.91,City Center Al Zahia BR [ 53 tape ],Gold,42
202600965,ادخال مواد الى مستودع أحذية و شنط,2026-03-10,Store BR,مستودع التحويلات,HSQB23,2,0,2,33.91,0,33.91,Mairid Br. Keep and take after ramadan (62) Tapes,Black,38
202602122,اخراج مواد من مستودع أحذية,2026-03-31,Store BR,مستودع التحويلات,HSQB23,0,2,0,0,33.91,33.91,تحويل من فرع ستي سنتر الظيت,Black,38
202600965,ادخال مواد الى مستودع أحذية و شنط,2026-03-10,Store BR,مستودع التحويلات,HSQB23,1,0,1,33.91,0,33.91,Mairid Br. Keep and take after ramadan (62) Tapes,Black,39
202602122,اخراج مواد من مستودع أحذية,2026-03-31,Store BR,مستودع التحويلات,HSQB23,0,1,0,0,33.91,33.91,تحويل من فرع ستي سنتر الظيت,Black,39
202600965,ادخال مواد الى مستودع أحذية و شنط,2026-03-10,Store BR,مستودع التحويلات,HSQB23,1,0,1,33.91,0,33.91,Mairid Br. Keep and take after ramadan (62) Tapes,Black,40
202602122,اخراج مواد من مستودع أحذية,2026-03-31,Store BR,مستودع التحويلات,HSQB23,0,1,0,0,33.91,33.91,تحويل من فرع ستي سنتر الظيت,Black,40
202600965,ادخال مواد الى مستودع أحذية و شنط,2026-03-10,Store BR,مستودع التحويلات,HSQB23,1,0,1,33.91,0,33.91,Mairid Br. Keep and take after ramadan (62) Tapes,Black,41
202602122,اخراج مواد من مستودع أحذية,2026-03-31,Store BR,مستودع التحويلات,HSQB23,0,1,0,0,33.91,33.91,تحويل من فرع ستي سنتر الظيت,Black,41
202600965,ادخال مواد الى مستودع أحذية و شنط,2026-03-10,Store BR,مستودع التحويلات,HSQB23,1,0,1,33.91,0,33.91,Mairid Br. Keep and take after ramadan (62) Tapes,Silver,36
202602122,اخراج مواد من مستودع أحذية,2026-03-31,Store BR,مستودع التحويلات,HSQB23,0,1,0,0,33.91,33.91,تحويل من فرع ستي سنتر الظيت,Silver,36
202600965,ادخال مواد الى مستودع أحذية و شنط,2026-03-10,Store BR,مستودع التحويلات,HSQB23,1,0,1,33.91,0,33.91,Mairid Br. Keep and take after ramadan (62) Tapes,Silver,37
202602122,اخراج مواد من مستودع أحذية,2026-03-31,Store BR,مستودع التحويلات,HSQB23,0,1,0,0,33.91,33.91,تحويل من فرع ستي سنتر الظيت,Silver,37
202600965,ادخال مواد الى مستودع أحذية و شنط,2026-03-10,Store BR,مستودع التحويلات,HSQB23,3,0,3,33.91,0,33.91,Mairid Br. Keep and take after ramadan (62) Tapes,Silver,38
202602122,اخراج مواد من مستودع أحذية,2026-03-31,Store BR,مستودع التحويلات,HSQB23,0,3,0,0,33.91,33.91,تحويل من فرع ستي سنتر الظيت,Silver,38
202600965,ادخال مواد الى مستودع أحذية و شنط,2026-03-10,Store BR,مستودع التحويلات,HSQB23,2,0,2,33.91,0,33.91,Mairid Br. Keep and take after ramadan (62) Tapes,Silver,39
202602122,اخراج مواد من مستودع أحذية,2026-03-31,Store BR,مستودع التحويلات,HSQB23,0,2,0,0,33.91,33.91,تحويل من فرع ستي سنتر الظيت,Silver,39
202600965,ادخال مواد الى مستودع أحذية و شنط,2026-03-10,Store BR,مستودع التحويلات,HSQB23,2,0,2,33.91,0,33.91,Mairid Br. Keep and take after ramadan (62) Tapes,Silver,40
202602122,اخراج مواد من مستودع أحذية,2026-03-31,Store BR,مستودع التحويلات,HSQB23,0,2,0,0,33.91,33.91,تحويل من فرع ستي سنتر الظيت,Silver,40
202600965,ادخال مواد الى مستودع أحذية و شنط,2026-03-10,Store BR,مستودع التحويلات,HSQB23,1,0,1,33.91,0,33.91,Mairid Br. Keep and take after ramadan (62) Tapes,Silver,41
202602122,اخراج مواد من مستودع أحذية,2026-03-31,Store BR,مستودع التحويلات,HSQB23,0,1,0,0,33.91,33.91,تحويل من فرع ستي سنتر الظيت,Silver,41
202600965,ادخال مواد الى مستودع أحذية و شنط,2026-03-10,Store BR,مستودع التحويلات,HSQB23,1,0,1,33.91,0,33.91,Mairid Br. Keep and take after ramadan (62) Tapes,Silver,42
202602122,اخراج مواد من مستودع أحذية,2026-03-31,Store BR,مستودع التحويلات,HSQB23,0,1,0,0,33.91,33.91,تحويل من فرع ستي سنتر الظيت,Silver,42
202600965,ادخال مواد الى مستودع أحذية و شنط,2026-03-10,Store BR,مستودع التحويلات,HSQB23,1,0,1,33.91,0,33.91,Mairid Br. Keep and take after ramadan (62) Tapes,Gold,41
202602122,اخراج مواد من مستودع أحذية,2026-03-31,Store BR,مستودع التحويلات,HSQB23,0,1,0,0,33.91,33.91,تحويل من فرع ستي سنتر الظيت,Gold,41
202600965,ادخال مواد الى مستودع أحذية و شنط,2026-03-10,Store BR,مستودع التحويلات,HSQB23,1,0,1,33.91,0,33.91,Mairid Br. Keep and take after ramadan (62) Tapes,Gold,42
202602122,اخراج مواد من مستودع أحذية,2026-03-31,Store BR,مستودع التحويلات,HSQB23,0,1,0,0,33.91,33.91,تحويل من فرع ستي سنتر الظيت,Gold,42
1,فاتورة بضاعة أول المدة,2026-01-01,Dibba Al fujairah,مستودع دبا الفجيره,HSQB23,1,0,1,33.91,0,33.91,بضاعة أول المدة مولدة من عملية التدوير 01/01/2026,Black,36
202600376,فاتورة الإخراج,2026-06-10,Dibba Al fujairah,مستودع دبا الفجيره,HSQB23,0,1,0,0,10,33.91,madinat zayed 22 tape,Black,36
1,فاتورة بضاعة أول المدة,2026-01-01,Dibba Al fujairah,مستودع دبا الفجيره,HSQB23,1,0,1,33.91,0,33.91,بضاعة أول المدة مولدة من عملية التدوير 01/01/2026,Black,37
202600376,فاتورة الإخراج,2026-06-10,Dibba Al fujairah,مستودع دبا الفجيره,HSQB23,0,1,0,0,10,33.91,madinat zayed 22 tape,Black,37
1,فاتورة بضاعة أول المدة,2026-01-01,Dibba Al fujairah,مستودع دبا الفجيره,HSQB23,2,0,2,33.91,0,33.91,بضاعة أول المدة مولدة من عملية التدوير 01/01/2026,Black,38
202600376,فاتورة الإخراج,2026-06-10,Dibba Al fujairah,مستودع دبا الفجيره,HSQB23,0,2,0,0,10,33.91,madinat zayed 22 tape,Black,38
1,فاتورة بضاعة أول المدة,2026-01-01,Dibba Al fujairah,مستودع دبا الفجيره,HSQB23,2,0,2,33.91,0,33.91,بضاعة أول المدة مولدة من عملية التدوير 01/01/2026,Black,39
202606338,فاتورة مبيعات سعر المبيع,2026-04-04,Dibba Al fujairah,مستودع دبا الفجيره,HSQB23,0,1,1,0,37.14,33.91,,Black,39
202600376,فاتورة الإخراج,2026-06-10,Dibba Al fujairah,مستودع دبا الفجيره,HSQB23,0,1,0,0,10,33.91,madinat zayed 22 tape,Black,39
1,فاتورة بضاعة أول المدة,2026-01-01,Dibba Al fujairah,مستودع دبا الفجيره,HSQB23,1,0,1,33.91,0,33.91,بضاعة أول المدة مولدة من عملية التدوير 01/01/2026,Black,41
202600376,فاتورة الإخراج,2026-06-10,Dibba Al fujairah,مستودع دبا الفجيره,HSQB23,0,1,0,0,10,33.91,madinat zayed 22 tape,Black,41
1,فاتورة بضاعة أول المدة,2026-01-01,Dibba Al fujairah,مستودع دبا الفجيره,HSQB23,1,0,1,33.91,0,33.91,بضاعة أول المدة مولدة من عملية التدوير 01/01/2026,Black,42
202600376,فاتورة الإخراج,2026-06-10,Dibba Al fujairah,مستودع دبا الفجيره,HSQB23,0,1,0,0,10,33.91,madinat zayed 22 tape,Black,42
1,فاتورة بضاعة أول المدة,2026-01-01,Dibba Al fujairah,مستودع دبا الفجيره,HSQB23,1,0,1,33.91,0,33.91,بضاعة أول المدة مولدة من عملية التدوير 01/01/2026,Silver,36
202600376,فاتورة الإخراج,2026-06-10,Dibba Al fujairah,مستودع دبا الفجيره,HSQB23,0,1,0,0,10,33.91,madinat zayed 22 tape,Silver,36
1,فاتورة بضاعة أول المدة,2026-01-01,Dibba Al fujairah,مستودع دبا الفجيره,HSQB23,1,0,1,33.91,0,33.91,بضاعة أول المدة مولدة من عملية التدوير 01/01/2026,Silver,37
202600376,فاتورة الإخراج,2026-06-10,Dibba Al fujairah,مستودع دبا الفجيره,HSQB23,0,1,0,0,10,33.91,madinat zayed 22 tape,Silver,37
1,فاتورة بضاعة أول المدة,2026-01-01,Dibba Al fujairah,مستودع دبا الفجيره,HSQB23,2,0,2,33.91,0,33.91,بضاعة أول المدة مولدة من عملية التدوير 01/01/2026,Silver,38
202600376,فاتورة الإخراج,2026-06-10,Dibba Al fujairah,مستودع دبا الفجيره,HSQB23,0,2,0,0,10,33.91,madinat zayed 22 tape,Silver,38
1,فاتورة بضاعة أول المدة,2026-01-01,Dibba Al fujairah,مستودع دبا الفجيره,HSQB23,1,0,1,33.91,0,33.91,بضاعة أول المدة مولدة من عملية التدوير 01/01/2026,Silver,39
202600376,فاتورة الإخراج,2026-06-10,Dibba Al fujairah,مستودع دبا الفجيره,HSQB23,0,1,0,0,10,33.91,madinat zayed 22 tape,Silver,39
1,فاتورة بضاعة أول المدة,2026-01-01,Dibba Al fujairah,مستودع دبا الفجيره,HSQB23,2,0,2,33.91,0,33.91,بضاعة أول المدة مولدة من عملية التدوير 01/01/2026,Silver,40
202600376,فاتورة الإخراج,2026-06-10,Dibba Al fujairah,مستودع دبا الفجيره,HSQB23,0,2,0,0,10,33.91,madinat zayed 22 tape,Silver,40
1,فاتورة بضاعة أول المدة,2026-01-01,Dibba Al fujairah,مستودع دبا الفجيره,HSQB23,1,0,1,33.91,0,33.91,بضاعة أول المدة مولدة من عملية التدوير 01/01/2026,Silver,41
202600376,فاتورة الإخراج,2026-06-10,Dibba Al fujairah,مستودع دبا الفجيره,HSQB23,0,1,0,0,10,33.91,madinat zayed 22 tape,Silver,41
1,فاتورة بضاعة أول المدة,2026-01-01,Dibba Al fujairah,مستودع دبا الفجيره,HSQB23,1,0,1,33.91,0,33.91,بضاعة أول المدة مولدة من عملية التدوير 01/01/2026,Silver,42
202600376,فاتورة الإخراج,2026-06-10,Dibba Al fujairah,مستودع دبا الفجيره,HSQB23,0,1,0,0,10,33.91,madinat zayed 22 tape,Silver,42
1,فاتورة بضاعة أول المدة,2026-01-01,Dibba Al fujairah,مستودع دبا الفجيره,HSQB23,1,0,1,33.91,0,33.91,بضاعة أول المدة مولدة من عملية التدوير 01/01/2026,Gold,42
202600715,فاتورة مبيعات سعر المبيع,2026-01-20,Dibba Al fujairah,مستودع دبا الفجيره,HSQB23,0,1,0,0,37.14,33.91,,Gold,42
202600550,ادخال مواد متجر الكتروني,2026-02-22,Website Br,مستودع الموقع الالكتروني,HSQB23,1,0,1,10,0,10,,Silver,38
202600324,فاتورة مبيعات انستغرام,2026-02-23,Website Br,مستودع الموقع الالكتروني,HSQB23,0,1,0,0,37.14,10,202600324,Silver,38
1,فاتورة بضاعة أول المدة,2026-01-01,Al Dhaid BR,مستودع الذيد,HSQB23,1,0,1,10,0,10,بضاعة أول المدة مولدة من عملية التدوير 01/01/2026,Black,36
1,فاتورة بضاعة أول المدة,2026-01-01,Al Dhaid BR,مستودع الذيد,HSQB23,2,0,2,10,0,10,بضاعة أول المدة مولدة من عملية التدوير 01/01/2026,Black,37
202603942,فاتورة مبيعات سعر نصف الجمله,2026-04-21,Al Dhaid BR,مستودع الذيد,HSQB23,0,1,1,0,27.62,10,,Black,37
1,فاتورة بضاعة أول المدة,2026-01-01,Al Dhaid BR,مستودع الذيد,HSQB23,2,0,2,10,0,10,بضاعة أول المدة مولدة من عملية التدوير 01/01/2026,Black,38
202601493,فاتورة مبيعات سعر نصف الجمله,2026-03-01,Al Dhaid BR,مستودع الذيد,HSQB23,0,1,1,0,27.62,10,,Black,38
202602919,فاتورة مبيعات سعر نصف الجمله,2026-03-17,Al Dhaid BR,مستودع الذيد,HSQB23,0,1,0,0,27.62,10,,Black,38
202600198,فاتورة الإدخال,2026-03-31,Al Dhaid BR,مستودع الذيد,HSQB23,2,0,2,33.91,0,33.91,تحويل من فرع ستي سنتر الظيت,Black,38
202605385,فاتورة مبيعات سعر نصف الجمله,2026-05-26,Al Dhaid BR,مستودع الذيد,HSQB23,0,1,1,0,27.62,33.91,,Black,38
1,فاتورة بضاعة أول المدة,2026-01-01,Al Dhaid BR,مستودع الذيد,HSQB23,2,0,2,10,0,10,بضاعة أول المدة مولدة من عملية التدوير 01/01/2026,Black,39
202601232,فاتورة مبيعات سعر نصف الجمله,2026-02-21,Al Dhaid BR,مستودع الذيد,HSQB23,0,1,1,0,27.62,10,,Black,39
202602716,فاتورة مبيعات سعر نصف الجمله,2026-03-16,Al Dhaid BR,مستودع الذيد,HSQB23,0,1,0,0,27.62,10,,Black,39
202600198,فاتورة الإدخال,2026-03-31,Al Dhaid BR,مستودع الذيد,HSQB23,1,0,1,33.91,0,33.91,تحويل من فرع ستي سنتر الظيت,Black,39
1,فاتورة بضاعة أول المدة,2026-01-01,Al Dhaid BR,مستودع الذيد,HSQB23,1,0,1,10,0,10,بضاعة أول المدة مولدة من عملية التدوير 01/01/2026,Black,40
202600198,فاتورة الإدخال,2026-03-31,Al Dhaid BR,مستودع الذيد,HSQB23,1,0,2,33.91,0,21.95,تحويل من فرع ستي سنتر الظيت,Black,40
202600005,فاتورة تسوية سالبة,2026-04-16,Al Dhaid BR,مستودع الذيد,HSQB23,0,1,1,0,33.91,21.95,تبديل قيمة الجرد 128 درهم,Black,40
1,فاتورة بضاعة أول المدة,2026-01-01,Al Dhaid BR,مستودع الذيد,HSQB23,1,0,1,10,0,10,بضاعة أول المدة مولدة من عملية التدوير 01/01/2026,Black,41
202600198,فاتورة الإدخال,2026-03-31,Al Dhaid BR,مستودع الذيد,HSQB23,1,0,2,33.91,0,21.95,تحويل من فرع ستي سنتر الظيت,Black,41
1,فاتورة بضاعة أول المدة,2026-01-01,Al Dhaid BR,مستودع الذيد,HSQB23,1,0,1,10,0,10,بضاعة أول المدة مولدة من عملية التدوير 01/01/2026,Black,42
1,فاتورة بضاعة أول المدة,2026-01-01,Al Dhaid BR,مستودع الذيد,HSQB23,1,0,1,10,0,10,بضاعة أول المدة مولدة من عملية التدوير 01/01/2026,Silver,36
202600198,فاتورة الإدخال,2026-03-31,Al Dhaid BR,مستودع الذيد,HSQB23,1,0,2,33.91,0,21.95,تحويل من فرع ستي سنتر الظيت,Silver,36
1,فاتورة بضاعة أول المدة,2026-01-01,Al Dhaid BR,مستودع الذيد,HSQB23,2,0,2,10,0,10,بضاعة أول المدة مولدة من عملية التدوير 01/01/2026,Silver,37
202601824,فاتورة مبيعات سعر نصف الجمله,2026-03-06,Al Dhaid BR,مستودع الذيد,HSQB23,0,1,1,0,27.62,10,,Silver,37
202600198,فاتورة الإدخال,2026-03-31,Al Dhaid BR,مستودع الذيد,HSQB23,1,0,2,33.91,0,21.95,تحويل من فرع ستي سنتر الظيت,Silver,37
1,فاتورة بضاعة أول المدة,2026-01-01,Al Dhaid BR,مستودع الذيد,HSQB23,3,0,3,10,0,10,بضاعة أول المدة مولدة من عملية التدوير 01/01/2026,Silver,38
202600044,فاتورة الإخراج,2026-02-22,Al Dhaid BR,مستودع الذيد,HSQB23,0,1,2,0,10,10,,Silver,38
202601524,فاتورة مبيعات سعر نصف الجمله,2026-03-01,Al Dhaid BR,مستودع الذيد,HSQB23,0,1,1,0,27.62,10,,Silver,38
202601606,فاتورة مبيعات سعر نصف الجمله,2026-03-03,Al Dhaid BR,مستودع الذيد,HSQB23,0,1,0,0,27.62,10,,Silver,38
202600198,فاتورة الإدخال,2026-03-31,Al Dhaid BR,مستودع الذيد,HSQB23,3,0,3,33.91,0,33.91,تحويل من فرع ستي سنتر الظيت,Silver,38
1,فاتورة بضاعة أول المدة,2026-01-01,Al Dhaid BR,مستودع الذيد,HSQB23,1,0,1,10,0,10,بضاعة أول المدة مولدة من عملية التدوير 01/01/2026,Silver,39
202600198,فاتورة الإدخال,2026-03-31,Al Dhaid BR,مستودع الذيد,HSQB23,2,0,3,33.91,0,25.94,تحويل من فرع ستي سنتر الظيت,Silver,39
202605807,فاتورة مبيعات سعر نصف الجمله,2026-06-23,Al Dhaid BR,مستودع الذيد,HSQB23,0,1,2,0,27.62,25.94,,Silver,39
1,فاتورة بضاعة أول المدة,2026-01-01,Al Dhaid BR,مستودع الذيد,HSQB23,2,0,2,10,0,10,بضاعة أول المدة مولدة من عملية التدوير 01/01/2026,Silver,40
202600198,فاتورة الإدخال,2026-03-31,Al Dhaid BR,مستودع الذيد,HSQB23,2,0,4,33.91,0,21.95,تحويل من فرع ستي سنتر الظيت,Silver,40
1,فاتورة بضاعة أول المدة,2026-01-01,Al Dhaid BR,مستودع الذيد,HSQB23,1,0,1,10,0,10,بضاعة أول المدة مولدة من عملية التدوير 01/01/2026,Silver,41
202600198,فاتورة الإدخال,2026-03-31,Al Dhaid BR,مستودع الذيد,HSQB23,1,0,2,33.91,0,21.95,تحويل من فرع ستي سنتر الظيت,Silver,41
202606730,فاتورة مبيعات سعر نصف الجمله,2026-08-24,Al Dhaid BR,مستودع الذيد,HSQB23,0,1,1,0,27.62,21.95,,Silver,41
202600432,فاتورة مرتجع مبيعات سعر نصف الجمله,2026-08-25,Al Dhaid BR,مستودع الذيد,HSQB23,1,0,2,27.62,0,21.95,,Silver,41
1,فاتورة بضاعة أول المدة,2026-01-01,Al Dhaid BR,مستودع الذيد,HSQB23,1,0,1,10,0,10,بضاعة أول المدة مولدة من عملية التدوير 01/01/2026,Silver,42
202600198,فاتورة الإدخال,2026-03-31,Al Dhaid BR,مستودع الذيد,HSQB23,1,0,2,33.91,0,21.95,تحويل من فرع ستي سنتر الظيت,Silver,42
1,فاتورة بضاعة أول المدة,2026-01-01,Al Dhaid BR,مستودع الذيد,HSQB23,1,0,1,10,0,10,بضاعة أول المدة مولدة من عملية التدوير 01/01/2026,Gold,41
202600198,فاتورة الإدخال,2026-03-31,Al Dhaid BR,مستودع الذيد,HSQB23,1,0,2,33.91,0,21.95,تحويل من فرع ستي سنتر الظيت,Gold,41
202603593,فاتورة مبيعات سعر نصف الجمله,2026-03-31,Al Dhaid BR,مستودع الذيد,HSQB23,0,1,1,0,27.62,21.95,,Gold,41
1,فاتورة بضاعة أول المدة,2026-01-01,Al Dhaid BR,مستودع الذيد,HSQB23,1,0,1,10,0,10,بضاعة أول المدة مولدة من عملية التدوير 01/01/2026,Gold,42
202602804,فاتورة مبيعات سعر نصف الجمله,2026-03-16,Al Dhaid BR,مستودع الذيد,HSQB23,0,1,0,0,27.62,10,,Gold,42
202600198,فاتورة الإدخال,2026-03-31,Al Dhaid BR,مستودع الذيد,HSQB23,1,0,1,33.91,0,33.91,تحويل من فرع ستي سنتر الظيت,Gold,42
202600715,فاتورة الإدخال,2026-08-31,City Center Al Zahia BR,مستودع سيتي سنتر الزاهية,HSQB23,2,0,2,33.91,0,33.91,City Center Al Zahia BR [ 53 tape ],Black,36
202600715,فاتورة الإدخال,2026-08-31,City Center Al Zahia BR,مستودع سيتي سنتر الزاهية,HSQB23,2,0,2,33.91,0,33.91,City Center Al Zahia BR [ 53 tape ],Black,37
202600715,فاتورة الإدخال,2026-08-31,City Center Al Zahia BR,مستودع سيتي سنتر الزاهية,HSQB23,2,0,2,33.91,0,33.91,City Center Al Zahia BR [ 53 tape ],Black,38
202615240,فاتورة مبيعات سعر التوزيع,2026-09-04,City Center Al Zahia BR,مستودع سيتي سنتر الزاهية,HSQB23,0,1,1,0,37.14,33.91,,Black,38
202600715,فاتورة الإدخال,2026-08-31,City Center Al Zahia BR,مستودع سيتي سنتر الزاهية,HSQB23,4,0,4,33.91,0,33.91,City Center Al Zahia BR [ 53 tape ],Black,39
202600715,فاتورة الإدخال,2026-08-31,City Center Al Zahia BR,مستودع سيتي سنتر الزاهية,HSQB23,2,0,2,33.91,0,33.91,City Center Al Zahia BR [ 53 tape ],Black,41
202600715,فاتورة الإدخال,2026-08-31,City Center Al Zahia BR,مستودع سيتي سنتر الزاهية,HSQB23,2,0,2,33.91,0,33.91,City Center Al Zahia BR [ 53 tape ],Black,42
202600715,فاتورة الإدخال,2026-08-31,City Center Al Zahia BR,مستودع سيتي سنتر الزاهية,HSQB23,1,0,1,33.91,0,33.91,City Center Al Zahia BR [ 53 tape ],Silver,36
202600715,فاتورة الإدخال,2026-08-31,City Center Al Zahia BR,مستودع سيتي سنتر الزاهية,HSQB23,1,0,1,33.91,0,33.91,City Center Al Zahia BR [ 53 tape ],Silver,37
202600715,فاتورة الإدخال,2026-08-31,City Center Al Zahia BR,مستودع سيتي سنتر الزاهية,HSQB23,3,0,3,33.91,0,33.91,City Center Al Zahia BR [ 53 tape ],Silver,38
202600715,فاتورة الإدخال,2026-08-31,City Center Al Zahia BR,مستودع سيتي سنتر الزاهية,HSQB23,2,0,2,33.91,0,33.91,City Center Al Zahia BR [ 53 tape ],Silver,39
202600715,فاتورة الإدخال,2026-08-31,City Center Al Zahia BR,مستودع سيتي سنتر الزاهية,HSQB23,1,0,1,33.91,0,33.91,City Center Al Zahia BR [ 53 tape ],Silver,41
202600715,فاتورة الإدخال,2026-08-31,City Center Al Zahia BR,مستودع سيتي سنتر الزاهية,HSQB23,1,0,1,33.91,0,33.91,City Center Al Zahia BR [ 53 tape ],Silver,42
202600715,فاتورة الإدخال,2026-08-31,City Center Al Zahia BR,مستودع سيتي سنتر الزاهية,HSQB23,1,0,1,33.91,0,33.91,City Center Al Zahia BR [ 53 tape ],Gold,36
202600715,فاتورة الإدخال,2026-08-31,City Center Al Zahia BR,مستودع سيتي سنتر الزاهية,HSQB23,2,0,2,33.91,0,33.91,City Center Al Zahia BR [ 53 tape ],Gold,37
202600715,فاتورة الإدخال,2026-08-31,City Center Al Zahia BR,مستودع سيتي سنتر الزاهية,HSQB23,1,0,1,33.91,0,33.91,City Center Al Zahia BR [ 53 tape ],Gold,39
202600715,فاتورة الإدخال,2026-08-31,City Center Al Zahia BR,مستودع سيتي سنتر الزاهية,HSQB23,2,0,2,33.91,0,33.91,City Center Al Zahia BR [ 53 tape ],Gold,41
202600715,فاتورة الإدخال,2026-08-31,City Center Al Zahia BR,مستودع سيتي سنتر الزاهية,HSQB23,1,0,1,33.91,0,33.91,City Center Al Zahia BR [ 53 tape ],Gold,42
1,فاتورة بضاعة أول المدة,2026-01-01,Al Foah Mall,مستودع الفوعة,HSQB23,1,0,1,33.91,0,33.91,بضاعة أول المدة مولدة من عملية التدوير 01/01/2026,Black,36
202600123,فاتورة الإخراج,2026-05-03,Al Foah Mall,مستودع الفوعة,HSQB23,0,1,0,0,10,33.91,AJMAN CHINA MAL [24]tape,Black,36
1,فاتورة بضاعة أول المدة,2026-01-01,Al Foah Mall,مستودع الفوعة,HSQB23,2,0,2,33.91,0,33.91,بضاعة أول المدة مولدة من عملية التدوير 01/01/2026,Black,37
202600050,فاتورة مبيعات سعر التوزيع,2026-01-06,Al Foah Mall,مستودع الفوعة,HSQB23,0,1,1,0,37.14,33.91,,Black,37
202600123,فاتورة الإخراج,2026-05-03,Al Foah Mall,مستودع الفوعة,HSQB23,0,1,0,0,10,33.91,AJMAN CHINA MAL [24]tape,Black,37
1,فاتورة بضاعة أول المدة,2026-01-01,Al Foah Mall,مستودع الفوعة,HSQB23,1,0,1,33.91,0,33.91,بضاعة أول المدة مولدة من عملية التدوير 01/01/2026,Black,38
202600050,فاتورة مبيعات سعر التوزيع,2026-01-06,Al Foah Mall,مستودع الفوعة,HSQB23,0,1,0,0,37.14,33.91,,Black,38
1,فاتورة بضاعة أول المدة,2026-01-01,Al Foah Mall,مستودع الفوعة,HSQB23,1,0,1,33.91,0,33.91,بضاعة أول المدة مولدة من عملية التدوير 01/01/2026,Black,39
202600123,فاتورة الإخراج,2026-05-03,Al Foah Mall,مستودع الفوعة,HSQB23,0,1,0,0,10,33.91,AJMAN CHINA MAL [24]tape,Black,39
1,فاتورة بضاعة أول المدة,2026-01-01,Al Foah Mall,مستودع الفوعة,HSQB23,1,0,1,33.91,0,33.91,بضاعة أول المدة مولدة من عملية التدوير 01/01/2026,Black,41
202600123,فاتورة الإخراج,2026-05-03,Al Foah Mall,مستودع الفوعة,HSQB23,0,1,0,0,10,33.91,AJMAN CHINA MAL [24]tape,Black,41
1,فاتورة بضاعة أول المدة,2026-01-01,Al Foah Mall,مستودع الفوعة,HSQB23,1,0,1,33.91,0,33.91,بضاعة أول المدة مولدة من عملية التدوير 01/01/2026,Black,42
202600123,فاتورة الإخراج,2026-05-03,Al Foah Mall,مستودع الفوعة,HSQB23,0,1,0,0,10,33.91,AJMAN CHINA MAL [24]tape,Black,42
1,فاتورة بضاعة أول المدة,2026-01-01,Al Foah Mall,مستودع الفوعة,HSQB23,1,0,1,33.91,0,33.91,بضاعة أول المدة مولدة من عملية التدوير 01/01/2026,Silver,36
202600123,فاتورة الإخراج,2026-05-03,Al Foah Mall,مستودع الفوعة,HSQB23,0,1,0,0,10,33.91,AJMAN CHINA MAL [24]tape,Silver,36
1,فاتورة بضاعة أول المدة,2026-01-01,Al Foah Mall,مستودع الفوعة,HSQB23,2,0,2,33.91,0,33.91,بضاعة أول المدة مولدة من عملية التدوير 01/01/2026,Silver,37
202600123,فاتورة الإخراج,2026-05-03,Al Foah Mall,مستودع الفوعة,HSQB23,0,2,0,0,10,33.91,AJMAN CHINA MAL [24]tape,Silver,37
1,فاتورة بضاعة أول المدة,2026-01-01,Al Foah Mall,مستودع الفوعة,HSQB23,1,0,1,33.91,0,33.91,بضاعة أول المدة مولدة من عملية التدوير 01/01/2026,Silver,38
202600123,فاتورة الإخراج,2026-05-03,Al Foah Mall,مستودع الفوعة,HSQB23,0,1,0,0,10,33.91,AJMAN CHINA MAL [24]tape,Silver,38
1,فاتورة بضاعة أول المدة,2026-01-01,Al Foah Mall,مستودع الفوعة,HSQB23,2,0,2,33.91,0,33.91,بضاعة أول المدة مولدة من عملية التدوير 01/01/2026,Silver,40
202600123,فاتورة الإخراج,2026-05-03,Al Foah Mall,مستودع الفوعة,HSQB23,0,2,0,0,10,33.91,AJMAN CHINA MAL [24]tape,Silver,40
1,فاتورة بضاعة أول المدة,2026-01-01,Al Foah Mall,مستودع الفوعة,HSQB23,1,0,1,33.91,0,33.91,بضاعة أول المدة مولدة من عملية التدوير 01/01/2026,Silver,41
202600123,فاتورة الإخراج,2026-05-03,Al Foah Mall,مستودع الفوعة,HSQB23,0,1,0,0,10,33.91,AJMAN CHINA MAL [24]tape,Silver,41
1,فاتورة بضاعة أول المدة,2026-01-01,Al Foah Mall,مستودع الفوعة,HSQB23,1,0,1,33.91,0,33.91,بضاعة أول المدة مولدة من عملية التدوير 01/01/2026,Silver,42
202600123,فاتورة الإخراج,2026-05-03,Al Foah Mall,مستودع الفوعة,HSQB23,0,1,0,0,10,33.91,AJMAN CHINA MAL [24]tape,Silver,42
1,فاتورة بضاعة أول المدة,2026-01-01,Al Foah Mall,مستودع الفوعة,HSQB23,1,0,1,33.91,0,33.91,بضاعة أول المدة مولدة من عملية التدوير 01/01/2026,Gold,39
202600123,فاتورة الإخراج,2026-05-03,Al Foah Mall,مستودع الفوعة,HSQB23,0,1,0,0,10,33.91,AJMAN CHINA MAL [24]tape,Gold,39
1,فاتورة بضاعة أول المدة,2026-01-01,My City Centre Masdar,مستودع سيتي سنتر مصدر,HSQB23,1,0,1,33.91,0,33.91,بضاعة أول المدة مولدة من عملية التدوير 01/01/2026,Black,36
202600177,فاتورة الإخراج,2026-04-27,My City Centre Masdar,مستودع سيتي سنتر مصدر,HSQB23,0,1,0,0,10,33.91,MADINAT ZAYED br 4 tape,Black,36
1,فاتورة بضاعة أول المدة,2026-01-01,My City Centre Masdar,مستودع سيتي سنتر مصدر,HSQB23,2,0,2,33.91,0,33.91,بضاعة أول المدة مولدة من عملية التدوير 01/01/2026,Black,37
202600177,فاتورة الإخراج,2026-04-27,My City Centre Masdar,مستودع سيتي سنتر مصدر,HSQB23,0,2,0,0,10,33.91,MADINAT ZAYED br 4 tape,Black,37
1,فاتورة بضاعة أول المدة,2026-01-01,My City Centre Masdar,مستودع سيتي سنتر مصدر,HSQB23,2,0,2,33.91,0,33.91,بضاعة أول المدة مولدة من عملية التدوير 01/01/2026,Black,38
202600177,فاتورة الإخراج,2026-04-27,My City Centre Masdar,مستودع سيتي سنتر مصدر,HSQB23,0,2,0,0,10,33.91,MADINAT ZAYED br 4 tape,Black,38
1,فاتورة بضاعة أول المدة,2026-01-01,My City Centre Masdar,مستودع سيتي سنتر مصدر,HSQB23,2,0,2,33.91,0,33.91,بضاعة أول المدة مولدة من عملية التدوير 01/01/2026,Black,39
202601087,فاتورة مبيعات سعر التوزيع,2026-04-18,My City Centre Masdar,مستودع سيتي سنتر مصدر,HSQB23,0,1,1,0,37.14,33.91,504908229,Black,39
202600177,فاتورة الإخراج,2026-04-27,My City Centre Masdar,مستودع سيتي سنتر مصدر,HSQB23,0,1,0,0,10,33.91,MADINAT ZAYED br 4 tape,Black,39
1,فاتورة بضاعة أول المدة,2026-01-01,My City Centre Masdar,مستودع سيتي سنتر مصدر,HSQB23,1,0,1,33.91,0,33.91,بضاعة أول المدة مولدة من عملية التدوير 01/01/2026,Black,42
202600177,فاتورة الإخراج,2026-04-27,My City Centre Masdar,مستودع سيتي سنتر مصدر,HSQB23,0,1,0,0,10,33.91,MADINAT ZAYED br 4 tape,Black,42
1,فاتورة بضاعة أول المدة,2026-01-01,My City Centre Masdar,مستودع سيتي سنتر مصدر,HSQB23,1,0,1,33.91,0,33.91,بضاعة أول المدة مولدة من عملية التدوير 01/01/2026,Silver,36
202600177,فاتورة الإخراج,2026-04-27,My City Centre Masdar,مستودع سيتي سنتر مصدر,HSQB23,0,1,0,0,10,33.91,MADINAT ZAYED br 4 tape,Silver,36
1,فاتورة بضاعة أول المدة,2026-01-01,My City Centre Masdar,مستودع سيتي سنتر مصدر,HSQB23,2,0,2,33.91,0,33.91,بضاعة أول المدة مولدة من عملية التدوير 01/01/2026,Silver,37
202600177,فاتورة الإخراج,2026-04-27,My City Centre Masdar,مستودع سيتي سنتر مصدر,HSQB23,0,2,0,0,10,33.91,MADINAT ZAYED br 4 tape,Silver,37
1,فاتورة بضاعة أول المدة,2026-01-01,My City Centre Masdar,مستودع سيتي سنتر مصدر,HSQB23,3,0,3,33.91,0,33.91,بضاعة أول المدة مولدة من عملية التدوير 01/01/2026,Silver,38
202600177,فاتورة الإخراج,2026-04-27,My City Centre Masdar,مستودع سيتي سنتر مصدر,HSQB23,0,3,0,0,10,33.91,MADINAT ZAYED br 4 tape,Silver,38
1,فاتورة بضاعة أول المدة,2026-01-01,My City Centre Masdar,مستودع سيتي سنتر مصدر,HSQB23,2,0,2,33.91,0,33.91,بضاعة أول المدة مولدة من عملية التدوير 01/01/2026,Silver,39
202601087,فاتورة مبيعات سعر التوزيع,2026-04-18,My City Centre Masdar,مستودع سيتي سنتر مصدر,HSQB23,0,1,1,0,37.14,33.91,504908229,Silver,39
202600177,فاتورة الإخراج,2026-04-27,My City Centre Masdar,مستودع سيتي سنتر مصدر,HSQB23,0,1,0,0,10,33.91,MADINAT ZAYED br 4 tape,Silver,39
1,فاتورة بضاعة أول المدة,2026-01-01,My City Centre Masdar,مستودع سيتي سنتر مصدر,HSQB23,2,0,2,33.91,0,33.91,بضاعة أول المدة مولدة من عملية التدوير 01/01/2026,Silver,40
202600177,فاتورة الإخراج,2026-04-27,My City Centre Masdar,مستودع سيتي سنتر مصدر,HSQB23,0,2,0,0,10,33.91,MADINAT ZAYED br 4 tape,Silver,40
1,فاتورة بضاعة أول المدة,2026-01-01,My City Centre Masdar,مستودع سيتي سنتر مصدر,HSQB23,1,0,1,33.91,0,33.91,بضاعة أول المدة مولدة من عملية التدوير 01/01/2026,Silver,41
202600177,فاتورة الإخراج,2026-04-27,My City Centre Masdar,مستودع سيتي سنتر مصدر,HSQB23,0,1,0,0,10,33.91,MADINAT ZAYED br 4 tape,Silver,41
1,فاتورة بضاعة أول المدة,2026-01-01,My City Centre Masdar,مستودع سيتي سنتر مصدر,HSQB23,1,0,1,33.91,0,33.91,بضاعة أول المدة مولدة من عملية التدوير 01/01/2026,Silver,42
202600177,فاتورة الإخراج,2026-04-27,My City Centre Masdar,مستودع سيتي سنتر مصدر,HSQB23,0,1,0,0,10,33.91,MADINAT ZAYED br 4 tape,Silver,42
1,فاتورة بضاعة أول المدة,2026-01-01,My City Centre Masdar,مستودع سيتي سنتر مصدر,HSQB23,1,0,1,33.91,0,33.91,بضاعة أول المدة مولدة من عملية التدوير 01/01/2026,Gold,37
202600462,فاتورة مبيعات سعر التوزيع,2026-02-16,My City Centre Masdar,مستودع سيتي سنتر مصدر,HSQB23,0,1,0,0,37.14,33.91,562625975,Gold,37
202600025,فاتورة مرتجع مبيعات سعر التوزيع,2026-02-16,My City Centre Masdar,مستودع سيتي سنتر مصدر,HSQB23,1,0,1,37.14,0,33.91,,Gold,37
202600177,فاتورة الإخراج,2026-04-27,My City Centre Masdar,مستودع سيتي سنتر مصدر,HSQB23,0,1,0,0,10,33.91,MADINAT ZAYED br 4 tape,Gold,37
1,فاتورة بضاعة أول المدة,2026-01-01,My City Centre Masdar,مستودع سيتي سنتر مصدر,HSQB23,1,0,1,33.91,0,33.91,بضاعة أول المدة مولدة من عملية التدوير 01/01/2026,Gold,38
202600921,فاتورة مبيعات سعر التوزيع,2026-03-25,My City Centre Masdar,مستودع سيتي سنتر مصدر,HSQB23,0,1,0,0,37.14,33.91,504600965,Gold,38
1,فاتورة بضاعة أول المدة,2026-01-01,My City Centre Masdar,مستودع سيتي سنتر مصدر,HSQB23,1,0,1,33.91,0,33.91,بضاعة أول المدة مولدة من عملية التدوير 01/01/2026,Gold,40
202600329,فاتورة مبيعات سعر التوزيع,2026-02-02,My City Centre Masdar,مستودع سيتي سنتر مصدر,HSQB23,0,1,0,0,37.14,33.91,554424595,Gold,40
1,فاتورة بضاعة أول المدة,2026-01-01,My City Centre Masdar,مستودع سيتي سنتر مصدر,HSQB23,1,0,1,33.91,0,33.91,بضاعة أول المدة مولدة من عملية التدوير 01/01/2026,Gold,41
202600177,فاتورة الإخراج,2026-04-27,My City Centre Masdar,مستودع سيتي سنتر مصدر,HSQB23,0,1,0,0,10,33.91,MADINAT ZAYED br 4 tape,Gold,41
1,فاتورة بضاعة أول المدة,2026-01-01,My City Centre Masdar,مستودع سيتي سنتر مصدر,HSQB23,1,0,1,33.91,0,33.91,بضاعة أول المدة مولدة من عملية التدوير 01/01/2026,Gold,42
202600177,فاتورة الإخراج,2026-04-27,My City Centre Masdar,مستودع سيتي سنتر مصدر,HSQB23,0,1,0,0,10,33.91,MADINAT ZAYED br 4 tape,Gold,42
202600361,فاتورة الإدخال,2026-06-20,AJMAN CHINA MALL BR,مستودع السوق الصيني عجمان,HSQB35,1,0,1,10,0,10,china mall 2 tape,Silver,36
202600152,فاتورة الإخراج,2026-07-01,AJMAN CHINA MALL BR,مستودع السوق الصيني عجمان,HSQB35,0,1,0,0,10,10,خربن تم الارسال الى المستودع,Silver,36
202600402,فاتورة الإدخال,2026-07-15,AJMAN CHINA MALL BR,مستودع السوق الصيني عجمان,HSQB35,1,0,1,10,0,10,بضاعة تالفة غير قابلة للإصلاح,Silver,36
202600001,فاتورة بضاعة تالفة,2026-08-17,AJMAN CHINA MALL BR,مستودع السوق الصيني عجمان,HSQB35,0,1,0,0,10,10,,Silver,36
202600361,فاتورة الإدخال,2026-06-20,AJMAN CHINA MALL BR,مستودع السوق الصيني عجمان,HSQB35,1,0,1,10,0,10,china mall 2 tape,Silver,37
202600152,فاتورة الإخراج,2026-07-01,AJMAN CHINA MALL BR,مستودع السوق الصيني عجمان,HSQB35,0,1,0,0,10,10,خربن تم الارسال الى المستودع,Silver,37
202600402,فاتورة الإدخال,2026-07-15,AJMAN CHINA MALL BR,مستودع السوق الصيني عجمان,HSQB35,1,0,1,10,0,10,بضاعة تالفة غير قابلة للإصلاح,Silver,37
202600001,فاتورة بضاعة تالفة,2026-08-17,AJMAN CHINA MALL BR,مستودع السوق الصيني عجمان,HSQB35,0,1,0,0,10,10,,Silver,37
202600361,فاتورة الإدخال,2026-06-20,AJMAN CHINA MALL BR,مستودع السوق الصيني عجمان,HSQB35,1,0,1,10,0,10,china mall 2 tape,Silver,38
202600152,فاتورة الإخراج,2026-07-01,AJMAN CHINA MALL BR,مستودع السوق الصيني عجمان,HSQB35,0,1,0,0,10,10,خربن تم الارسال الى المستودع,Silver,38
202600402,فاتورة الإدخال,2026-07-15,AJMAN CHINA MALL BR,مستودع السوق الصيني عجمان,HSQB35,1,0,1,10,0,10,بضاعة تالفة غير قابلة للإصلاح,Silver,38
202600001,فاتورة بضاعة تالفة,2026-08-17,AJMAN CHINA MALL BR,مستودع السوق الصيني عجمان,HSQB35,0,1,0,0,10,10,,Silver,38
202600361,فاتورة الإدخال,2026-06-20,AJMAN CHINA MALL BR,مستودع السوق الصيني عجمان,HSQB35,1,0,1,10,0,10,china mall 2 tape,Silver,42
202600152,فاتورة الإخراج,2026-07-01,AJMAN CHINA MALL BR,مستودع السوق الصيني عجمان,HSQB35,0,1,0,0,10,10,خربن تم الارسال الى المستودع,Silver,42
202600402,فاتورة الإدخال,2026-07-15,AJMAN CHINA MALL BR,مستودع السوق الصيني عجمان,HSQB35,1,0,1,10,0,10,بضاعة تالفة غير قابلة للإصلاح,Silver,42
202600001,فاتورة بضاعة تالفة,2026-08-17,AJMAN CHINA MALL BR,مستودع السوق الصيني عجمان,HSQB35,0,1,0,0,10,10,,Silver,42
202600361,فاتورة الإدخال,2026-06-20,AJMAN CHINA MALL BR,مستودع السوق الصيني عجمان,HSQB35,3,0,3,10,0,10,china mall 2 tape,Gold,38
202600152,فاتورة الإخراج,2026-07-01,AJMAN CHINA MALL BR,مستودع السوق الصيني عجمان,HSQB35,0,3,0,0,10,10,خربن تم الارسال الى المستودع,Gold,38
202600402,فاتورة الإدخال,2026-07-15,AJMAN CHINA MALL BR,مستودع السوق الصيني عجمان,HSQB35,3,0,3,10,0,10,بضاعة تالفة غير قابلة للإصلاح,Gold,38
202600001,فاتورة بضاعة تالفة,2026-08-17,AJMAN CHINA MALL BR,مستودع السوق الصيني عجمان,HSQB35,0,3,0,0,10,10,,Gold,38
202600361,فاتورة الإدخال,2026-06-20,AJMAN CHINA MALL BR,مستودع السوق الصيني عجمان,HSQB35,1,0,1,10,0,10,china mall 2 tape,Gold,41
202600152,فاتورة الإخراج,2026-07-01,AJMAN CHINA MALL BR,مستودع السوق الصيني عجمان,HSQB35,0,1,0,0,10,10,خربن تم الارسال الى المستودع,Gold,41
202600402,فاتورة الإدخال,2026-07-15,AJMAN CHINA MALL BR,مستودع السوق الصيني عجمان,HSQB35,1,0,1,10,0,10,بضاعة تالفة غير قابلة للإصلاح,Gold,41
202600001,فاتورة بضاعة تالفة,2026-08-17,AJMAN CHINA MALL BR,مستودع السوق الصيني عجمان,HSQB35,0,1,0,0,10,10,,Gold,41
202600361,فاتورة الإدخال,2026-06-20,AJMAN CHINA MALL BR,مستودع السوق الصيني عجمان,HSQB35,1,0,1,10,0,10,china mall 2 tape,Pewter,37
202600152,فاتورة الإخراج,2026-07-01,AJMAN CHINA MALL BR,مستودع السوق الصيني عجمان,HSQB35,0,1,0,0,10,10,خربن تم الارسال الى المستودع,Pewter,37
202600402,فاتورة الإدخال,2026-07-15,AJMAN CHINA MALL BR,مستودع السوق الصيني عجمان,HSQB35,1,0,1,10,0,10,بضاعة تالفة غير قابلة للإصلاح,Pewter,37
202600001,فاتورة بضاعة تالفة,2026-08-17,AJMAN CHINA MALL BR,مستودع السوق الصيني عجمان,HSQB35,0,1,0,0,10,10,,Pewter,37
202600361,فاتورة الإدخال,2026-06-20,AJMAN CHINA MALL BR,مستودع السوق الصيني عجمان,HSQB35,1,0,1,10,0,10,china mall 2 tape,Pewter,39
202600152,فاتورة الإخراج,2026-07-01,AJMAN CHINA MALL BR,مستودع السوق الصيني عجمان,HSQB35,0,1,0,0,10,10,خربن تم الارسال الى المستودع,Pewter,39
202600402,فاتورة الإدخال,2026-07-15,AJMAN CHINA MALL BR,مستودع السوق الصيني عجمان,HSQB35,1,0,1,10,0,10,بضاعة تالفة غير قابلة للإصلاح,Pewter,39
202600001,فاتورة بضاعة تالفة,2026-08-17,AJMAN CHINA MALL BR,مستودع السوق الصيني عجمان,HSQB35,0,1,0,0,10,10,,Pewter,39
202600361,فاتورة الإدخال,2026-06-20,AJMAN CHINA MALL BR,مستودع السوق الصيني عجمان,HSQB35,1,0,1,10,0,10,china mall 2 tape,Pewter,41
202600152,فاتورة الإخراج,2026-07-01,AJMAN CHINA MALL BR,مستودع السوق الصيني عجمان,HSQB35,0,1,0,0,10,10,خربن تم الارسال الى المستودع,Pewter,41
202600402,فاتورة الإدخال,2026-07-15,AJMAN CHINA MALL BR,مستودع السوق الصيني عجمان,HSQB35,1,0,1,10,0,10,بضاعة تالفة غير قابلة للإصلاح,Pewter,41
202600001,فاتورة بضاعة تالفة,2026-08-17,AJMAN CHINA MALL BR,مستودع السوق الصيني عجمان,HSQB35,0,1,0,0,10,10,,Pewter,41
202600361,فاتورة الإدخال,2026-06-20,AJMAN CHINA MALL BR,مستودع السوق الصيني عجمان,HSQB35,1,0,1,10,0,10,china mall 2 tape,Pewter,42
202600152,فاتورة الإخراج,2026-07-01,AJMAN CHINA MALL BR,مستودع السوق الصيني عجمان,HSQB35,0,1,0,0,10,10,خربن تم الارسال الى المستودع,Pewter,42
202600402,فاتورة الإدخال,2026-07-15,AJMAN CHINA MALL BR,مستودع السوق الصيني عجمان,HSQB35,1,0,1,10,0,10,بضاعة تالفة غير قابلة للإصلاح,Pewter,42
202600001,فاتورة بضاعة تالفة,2026-08-17,AJMAN CHINA MALL BR,مستودع السوق الصيني عجمان,HSQB35,0,1,0,0,10,10,,Pewter,42
1,فاتورة بضاعة أول المدة,2026-01-01,Kalba BR,مستودع كلباء (فرع 2),HSQB35,1,0,1,34.72,0,34.72,بضاعة أول المدة مولدة من عملية التدوير 01/01/2026,Silver,36
202600355,فاتورة الإخراج,2026-08-02,Kalba BR,مستودع كلباء (فرع 2),HSQB35,0,1,0,0,34.72,34.72,City Center Al Zahia BR [ 53 tape ],Silver,36
1,فاتورة بضاعة أول المدة,2026-01-01,Kalba BR,مستودع كلباء (فرع 2),HSQB35,2,0,2,34.72,0,34.72,بضاعة أول المدة مولدة من عملية التدوير 01/01/2026,Silver,37
202600355,فاتورة الإخراج,2026-08-02,Kalba BR,مستودع كلباء (فرع 2),HSQB35,0,2,0,0,34.72,34.72,City Center Al Zahia BR [ 53 tape ],Silver,37
1,فاتورة بضاعة أول المدة,2026-01-01,Kalba BR,مستودع كلباء (فرع 2),HSQB35,3,0,3,34.72,0,34.72,بضاعة أول المدة مولدة من عملية التدوير 01/01/2026,Silver,38
202600355,فاتورة الإخراج,2026-08-02,Kalba BR,مستودع كلباء (فرع 2),HSQB35,0,3,0,0,34.72,34.72,City Center Al Zahia BR [ 53 tape ],Silver,38
1,فاتورة بضاعة أول المدة,2026-01-01,Kalba BR,مستودع كلباء (فرع 2),HSQB35,1,0,1,34.72,0,34.72,بضاعة أول المدة مولدة من عملية التدوير 01/01/2026,Silver,40
202600355,فاتورة الإخراج,2026-08-02,Kalba BR,مستودع كلباء (فرع 2),HSQB35,0,1,0,0,34.72,34.72,City Center Al Zahia BR [ 53 tape ],Silver,40
1,فاتورة بضاعة أول المدة,2026-01-01,Kalba BR,مستودع كلباء (فرع 2),HSQB35,1,0,1,34.72,0,34.72,بضاعة أول المدة مولدة من عملية التدوير 01/01/2026,Silver,41
202600355,فاتورة الإخراج,2026-08-02,Kalba BR,مستودع كلباء (فرع 2),HSQB35,0,1,0,0,34.72,34.72,City Center Al Zahia BR [ 53 tape ],Silver,41
1,فاتورة بضاعة أول المدة,2026-01-01,Kalba BR,مستودع كلباء (فرع 2),HSQB35,1,0,1,34.72,0,34.72,بضاعة أول المدة مولدة من عملية التدوير 01/01/2026,Silver,42
202600355,فاتورة الإخراج,2026-08-02,Kalba BR,مستودع كلباء (فرع 2),HSQB35,0,1,0,0,34.72,34.72,City Center Al Zahia BR [ 53 tape ],Silver,42
1,فاتورة بضاعة أول المدة,2026-01-01,Kalba BR,مستودع كلباء (فرع 2),HSQB35,1,0,1,34.72,0,34.72,بضاعة أول المدة مولدة من عملية التدوير 01/01/2026,Gold,36
202600355,فاتورة الإخراج,2026-08-02,Kalba BR,مستودع كلباء (فرع 2),HSQB35,0,1,0,0,34.72,34.72,City Center Al Zahia BR [ 53 tape ],Gold,36
1,فاتورة بضاعة أول المدة,2026-01-01,Kalba BR,مستودع كلباء (فرع 2),HSQB35,1,0,1,34.72,0,34.72,بضاعة أول المدة مولدة من عملية التدوير 01/01/2026,Gold,38
202600355,فاتورة الإخراج,2026-08-02,Kalba BR,مستودع كلباء (فرع 2),HSQB35,0,1,0,0,34.72,34.72,City Center Al Zahia BR [ 53 tape ],Gold,38
1,فاتورة بضاعة أول المدة,2026-01-01,Kalba BR,مستودع كلباء (فرع 2),HSQB35,1,0,1,34.72,0,34.72,بضاعة أول المدة مولدة من عملية التدوير 01/01/2026,Gold,40
202600355,فاتورة الإخراج,2026-08-02,Kalba BR,مستودع كلباء (فرع 2),HSQB35,0,1,0,0,34.72,34.72,City Center Al Zahia BR [ 53 tape ],Gold,40
1,فاتورة بضاعة أول المدة,2026-01-01,Kalba BR,مستودع كلباء (فرع 2),HSQB35,1,0,1,34.72,0,34.72,بضاعة أول المدة مولدة من عملية التدوير 01/01/2026,Gold,41
202600355,فاتورة الإخراج,2026-08-02,Kalba BR,مستودع كلباء (فرع 2),HSQB35,0,1,0,0,34.72,34.72,City Center Al Zahia BR [ 53 tape ],Gold,41
1,فاتورة بضاعة أول المدة,2026-01-01,Kalba BR,مستودع كلباء (فرع 2),HSQB35,1,0,1,34.72,0,34.72,بضاعة أول المدة مولدة من عملية التدوير 01/01/2026,Gold,42
202600355,فاتورة الإخراج,2026-08-02,Kalba BR,مستودع كلباء (فرع 2),HSQB35,0,1,0,0,34.72,34.72,City Center Al Zahia BR [ 53 tape ],Gold,42
1,فاتورة بضاعة أول المدة,2026-01-01,Kalba BR,مستودع كلباء (فرع 2),HSQB35,1,0,1,34.72,0,34.72,بضاعة أول المدة مولدة من عملية التدوير 01/01/2026,Pewter,36
202600355,فاتورة الإخراج,2026-08-02,Kalba BR,مستودع كلباء (فرع 2),HSQB35,0,1,0,0,34.72,34.72,City Center Al Zahia BR [ 53 tape ],Pewter,36
1,فاتورة بضاعة أول المدة,2026-01-01,Kalba BR,مستودع كلباء (فرع 2),HSQB35,1,0,1,34.72,0,34.72,بضاعة أول المدة مولدة من عملية التدوير 01/01/2026,Pewter,37
202600355,فاتورة الإخراج,2026-08-02,Kalba BR,مستودع كلباء (فرع 2),HSQB35,0,1,0,0,34.72,34.72,City Center Al Zahia BR [ 53 tape ],Pewter,37
1,فاتورة بضاعة أول المدة,2026-01-01,Kalba BR,مستودع كلباء (فرع 2),HSQB35,1,0,1,34.72,0,34.72,بضاعة أول المدة مولدة من عملية التدوير 01/01/2026,Pewter,38
202609147,فاتورة مبيعات سعر المبيع,2026-07-28,Kalba BR,مستودع كلباء (فرع 2),HSQB35,0,1,0,0,37.14,34.72,,Pewter,38
1,فاتورة بضاعة أول المدة,2026-01-01,Kalba BR,مستودع كلباء (فرع 2),HSQB35,1,0,1,34.72,0,34.72,بضاعة أول المدة مولدة من عملية التدوير 01/01/2026,Pewter,39
202600355,فاتورة الإخراج,2026-08-02,Kalba BR,مستودع كلباء (فرع 2),HSQB35,0,1,0,0,34.72,34.72,City Center Al Zahia BR [ 53 tape ],Pewter,39
1,فاتورة بضاعة أول المدة,2026-01-01,Kalba BR,مستودع كلباء (فرع 2),HSQB35,1,0,1,34.72,0,34.72,بضاعة أول المدة مولدة من عملية التدوير 01/01/2026,Pewter,40
202600355,فاتورة الإخراج,2026-08-02,Kalba BR,مستودع كلباء (فرع 2),HSQB35,0,1,0,0,34.72,34.72,City Center Al Zahia BR [ 53 tape ],Pewter,40
1,فاتورة بضاعة أول المدة,2026-01-01,Kalba BR,مستودع كلباء (فرع 2),HSQB35,1,0,1,34.72,0,34.72,بضاعة أول المدة مولدة من عملية التدوير 01/01/2026,Pewter,41
202600355,فاتورة الإخراج,2026-08-02,Kalba BR,مستودع كلباء (فرع 2),HSQB35,0,1,0,0,34.72,34.72,City Center Al Zahia BR [ 53 tape ],Pewter,41
1,فاتورة بضاعة أول المدة,2026-01-01,Kalba BR,مستودع كلباء (فرع 2),HSQB35,1,0,1,34.72,0,34.72,بضاعة أول المدة مولدة من عملية التدوير 01/01/2026,Pewter,42
202600355,فاتورة الإخراج,2026-08-02,Kalba BR,مستودع كلباء (فرع 2),HSQB35,0,1,0,0,34.72,34.72,City Center Al Zahia BR [ 53 tape ],Pewter,42
1,فاتورة بضاعة أول المدة,2026-01-01,Dibba Al fujairah,مستودع دبا الفجيره,HSQB35,1,0,1,34.72,0,34.72,بضاعة أول المدة مولدة من عملية التدوير 01/01/2026,Silver,36
202600361,فاتورة الإخراج,2026-06-02,Dibba Al fujairah,مستودع دبا الفجيره,HSQB35,0,1,0,0,10,34.72,china mall 2 tape,Silver,36
1,فاتورة بضاعة أول المدة,2026-01-01,Dibba Al fujairah,مستودع دبا الفجيره,HSQB35,1,0,1,34.72,0,34.72,بضاعة أول المدة مولدة من عملية التدوير 01/01/2026,Silver,37
202600361,فاتورة الإخراج,2026-06-02,Dibba Al fujairah,مستودع دبا الفجيره,HSQB35,0,1,0,0,10,34.72,china mall 2 tape,Silver,37
1,فاتورة بضاعة أول المدة,2026-01-01,Dibba Al fujairah,مستودع دبا الفجيره,HSQB35,2,0,2,34.72,0,34.72,بضاعة أول المدة مولدة من عملية التدوير 01/01/2026,Silver,38
202600901,فاتورة مبيعات سعر المبيع,2026-01-27,Dibba Al fujairah,مستودع دبا الفجيره,HSQB35,0,1,1,0,37.14,34.72,,Silver,38
202600361,فاتورة الإخراج,2026-06-02,Dibba Al fujairah,مستودع دبا الفجيره,HSQB35,0,1,0,0,10,34.72,china mall 2 tape,Silver,38
1,فاتورة بضاعة أول المدة,2026-01-01,Dibba Al fujairah,مستودع دبا الفجيره,HSQB35,1,0,1,34.72,0,34.72,بضاعة أول المدة مولدة من عملية التدوير 01/01/2026,Silver,40
202601549,فاتورة مبيعات سعر المبيع,2026-02-11,Dibba Al fujairah,مستودع دبا الفجيره,HSQB35,0,1,0,0,37.14,34.72,,Silver,40
1,فاتورة بضاعة أول المدة,2026-01-01,Dibba Al fujairah,مستودع دبا الفجيره,HSQB35,1,0,1,34.72,0,34.72,بضاعة أول المدة مولدة من عملية التدوير 01/01/2026,Silver,42
202600361,فاتورة الإخراج,2026-06-02,Dibba Al fujairah,مستودع دبا الفجيره,HSQB35,0,1,0,0,10,34.72,china mall 2 tape,Silver,42
1,فاتورة بضاعة أول المدة,2026-01-01,Dibba Al fujairah,مستودع دبا الفجيره,HSQB35,1,0,1,34.72,0,34.72,بضاعة أول المدة مولدة من عملية التدوير 01/01/2026,Gold,36
202606208,فاتورة مبيعات سعر المبيع,2026-03-30,Dibba Al fujairah,مستودع دبا الفجيره,HSQB35,0,1,0,0,37.14,34.72,,Gold,36
1,فاتورة بضاعة أول المدة,2026-01-01,Dibba Al fujairah,مستودع دبا الفجيره,HSQB35,3,0,3,34.72,0,34.72,بضاعة أول المدة مولدة من عملية التدوير 01/01/2026,Gold,38
202600361,فاتورة الإخراج,2026-06-02,Dibba Al fujairah,مستودع دبا الفجيره,HSQB35,0,3,0,0,10,34.72,china mall 2 tape,Gold,38
1,فاتورة بضاعة أول المدة,2026-01-01,Dibba Al fujairah,مستودع دبا الفجيره,HSQB35,1,0,1,34.72,0,34.72,بضاعة أول المدة مولدة من عملية التدوير 01/01/2026,Gold,41
202600361,فاتورة الإخراج,2026-06-02,Dibba Al fujairah,مستودع دبا الفجيره,HSQB35,0,1,0,0,10,34.72,china mall 2 tape,Gold,41
1,فاتورة بضاعة أول المدة,2026-01-01,Dibba Al fujairah,مستودع دبا الفجيره,HSQB35,1,0,1,34.72,0,34.72,بضاعة أول المدة مولدة من عملية التدوير 01/01/2026,Gold,42
202606510,فاتورة مبيعات سعر المبيع,2026-04-13,Dibba Al fujairah,مستودع دبا الفجيره,HSQB35,0,1,0,0,37.14,34.72,,Gold,42
1,فاتورة بضاعة أول المدة,2026-01-01,Dibba Al fujairah,مستودع دبا الفجيره,HSQB35,1,0,1,34.72,0,34.72,بضاعة أول المدة مولدة من عملية التدوير 01/01/2026,Pewter,36
202601439,فاتورة مبيعات سعر المبيع,2026-02-08,Dibba Al fujairah,مستودع دبا الفجيره,HSQB35,0,1,0,0,37.14,34.72,504799315,Pewter,36
1,فاتورة بضاعة أول المدة,2026-01-01,Dibba Al fujairah,مستودع دبا الفجيره,HSQB35,1,0,1,34.72,0,34.72,بضاعة أول المدة مولدة من عملية التدوير 01/01/2026,Pewter,37
202600361,فاتورة الإخراج,2026-06-02,Dibba Al fujairah,مستودع دبا الفجيره,HSQB35,0,1,0,0,10,34.72,china mall 2 tape,Pewter,37
1,فاتورة بضاعة أول المدة,2026-01-01,Dibba Al fujairah,مستودع دبا الفجيره,HSQB35,1,0,1,34.72,0,34.72,بضاعة أول المدة مولدة من عملية التدوير 01/01/2026,Pewter,38
202600885,فاتورة مبيعات سعر المبيع,2026-01-26,Dibba Al fujairah,مستودع دبا الفجيره,HSQB35,0,1,0,0,37.14,34.72,,Pewter,38
1,فاتورة بضاعة أول المدة,2026-01-01,Dibba Al fujairah,مستودع دبا الفجيره,HSQB35,2,0,2,34.72,0,34.72,بضاعة أول المدة مولدة من عملية التدوير 01/01/2026,Pewter,39
202606595,فاتورة مبيعات سعر المبيع,2026-04-18,Dibba Al fujairah,مستودع دبا الفجيره,HSQB35,0,1,1,0,37.14,34.72,,Pewter,39
202600361,فاتورة الإخراج,2026-06-02,Dibba Al fujairah,مستودع دبا الفجيره,HSQB35,0,1,0,0,10,34.72,china mall 2 tape,Pewter,39
1,فاتورة بضاعة أول المدة,2026-01-01,Dibba Al fujairah,مستودع دبا الفجيره,HSQB35,1,0,1,34.72,0,34.72,بضاعة أول المدة مولدة من عملية التدوير 01/01/2026,Pewter,41
202600361,فاتورة الإخراج,2026-06-02,Dibba Al fujairah,مستودع دبا الفجيره,HSQB35,0,1,0,0,10,34.72,china mall 2 tape,Pewter,41
1,فاتورة بضاعة أول المدة,2026-01-01,Dibba Al fujairah,مستودع دبا الفجيره,HSQB35,1,0,1,34.72,0,34.72,بضاعة أول المدة مولدة من عملية التدوير 01/01/2026,Pewter,42
202600361,فاتورة الإخراج,2026-06-02,Dibba Al fujairah,مستودع دبا الفجيره,HSQB35,0,1,0,0,10,34.72,china mall 2 tape,Pewter,42
202601792,ادخال مواد الى مستودع أحذية و شنط,2026-07-02,Store BR,مستودع الاصلاحات,HSQB35,1,0,1,10,0,10,خربن تم الارسال الى المستودع,Silver,36
202603838,اخراج مواد من مستودع أحذية,2026-07-02,Store BR,مستودع الاصلاحات,HSQB35,0,1,0,0,10,10,بضاعة تالفة غير قابلة للإصلاح,Silver,36
202601792,ادخال مواد الى مستودع أحذية و شنط,2026-07-02,Store BR,مستودع الاصلاحات,HSQB35,1,0,1,10,0,10,خربن تم الارسال الى المستودع,Silver,37
202603838,اخراج مواد من مستودع أحذية,2026-07-02,Store BR,مستودع الاصلاحات,HSQB35,0,1,0,0,10,10,بضاعة تالفة غير قابلة للإصلاح,Silver,37
202601792,ادخال مواد الى مستودع أحذية و شنط,2026-07-02,Store BR,مستودع الاصلاحات,HSQB35,1,0,1,10,0,10,خربن تم الارسال الى المستودع,Silver,38
202603838,اخراج مواد من مستودع أحذية,2026-07-02,Store BR,مستودع الاصلاحات,HSQB35,0,1,0,0,10,10,بضاعة تالفة غير قابلة للإصلاح,Silver,38
202601792,ادخال مواد الى مستودع أحذية و شنط,2026-07-02,Store BR,مستودع الاصلاحات,HSQB35,1,0,1,10,0,10,خربن تم الارسال الى المستودع,Silver,42
202603838,اخراج مواد من مستودع أحذية,2026-07-02,Store BR,مستودع الاصلاحات,HSQB35,0,1,0,0,10,10,بضاعة تالفة غير قابلة للإصلاح,Silver,42
202601792,ادخال مواد الى مستودع أحذية و شنط,2026-07-02,Store BR,مستودع الاصلاحات,HSQB35,3,0,3,10,0,10,خربن تم الارسال الى المستودع,Gold,38
202603838,اخراج مواد من مستودع أحذية,2026-07-02,Store BR,مستودع الاصلاحات,HSQB35,0,3,0,0,10,10,بضاعة تالفة غير قابلة للإصلاح,Gold,38
202601792,ادخال مواد الى مستودع أحذية و شنط,2026-07-02,Store BR,مستودع الاصلاحات,HSQB35,1,0,1,10,0,10,خربن تم الارسال الى المستودع,Gold,41
202603838,اخراج مواد من مستودع أحذية,2026-07-02,Store BR,مستودع الاصلاحات,HSQB35,0,1,0,0,10,10,بضاعة تالفة غير قابلة للإصلاح,Gold,41
202601792,ادخال مواد الى مستودع أحذية و شنط,2026-07-02,Store BR,مستودع الاصلاحات,HSQB35,1,0,1,10,0,10,خربن تم الارسال الى المستودع,Pewter,37
202603838,اخراج مواد من مستودع أحذية,2026-07-02,Store BR,مستودع الاصلاحات,HSQB35,0,1,0,0,10,10,بضاعة تالفة غير قابلة للإصلاح,Pewter,37
202601792,ادخال مواد الى مستودع أحذية و شنط,2026-07-02,Store BR,مستودع الاصلاحات,HSQB35,1,0,1,10,0,10,خربن تم الارسال الى المستودع,Pewter,39
202603838,اخراج مواد من مستودع أحذية,2026-07-02,Store BR,مستودع الاصلاحات,HSQB35,0,1,0,0,10,10,بضاعة تالفة غير قابلة للإصلاح,Pewter,39
202601792,ادخال مواد الى مستودع أحذية و شنط,2026-07-02,Store BR,مستودع الاصلاحات,HSQB35,1,0,1,10,0,10,خربن تم الارسال الى المستودع,Pewter,41
202603838,اخراج مواد من مستودع أحذية,2026-07-02,Store BR,مستودع الاصلاحات,HSQB35,0,1,0,0,10,10,بضاعة تالفة غير قابلة للإصلاح,Pewter,41
202601792,ادخال مواد الى مستودع أحذية و شنط,2026-07-02,Store BR,مستودع الاصلاحات,HSQB35,1,0,1,10,0,10,خربن تم الارسال الى المستودع,Pewter,42
202603838,اخراج مواد من مستودع أحذية,2026-07-02,Store BR,مستودع الاصلاحات,HSQB35,0,1,0,0,10,10,بضاعة تالفة غير قابلة للإصلاح,Pewter,42
202600715,فاتورة الإدخال,2026-08-31,City Center Al Zahia BR,مستودع سيتي سنتر الزاهية,HSQB35,1,0,1,34.72,0,34.72,City Center Al Zahia BR [ 53 tape ],Silver,36
202600715,فاتورة الإدخال,2026-08-31,City Center Al Zahia BR,مستودع سيتي سنتر الزاهية,HSQB35,2,0,2,34.72,0,34.72,City Center Al Zahia BR [ 53 tape ],Silver,37
202600715,فاتورة الإدخال,2026-08-31,City Center Al Zahia BR,مستودع سيتي سنتر الزاهية,HSQB35,3,0,3,34.72,0,34.72,City Center Al Zahia BR [ 53 tape ],Silver,38
202600715,فاتورة الإدخال,2026-08-31,City Center Al Zahia BR,مستودع سيتي سنتر الزاهية,HSQB35,1,0,1,34.72,0,34.72,City Center Al Zahia BR [ 53 tape ],Silver,40
202600715,فاتورة الإدخال,2026-08-31,City Center Al Zahia BR,مستودع سيتي سنتر الزاهية,HSQB35,1,0,1,34.72,0,34.72,City Center Al Zahia BR [ 53 tape ],Silver,41
202600715,فاتورة الإدخال,2026-08-31,City Center Al Zahia BR,مستودع سيتي سنتر الزاهية,HSQB35,1,0,1,34.72,0,34.72,City Center Al Zahia BR [ 53 tape ],Silver,42
202600715,فاتورة الإدخال,2026-08-31,City Center Al Zahia BR,مستودع سيتي سنتر الزاهية,HSQB35,1,0,1,34.72,0,34.72,City Center Al Zahia BR [ 53 tape ],Gold,36
202600715,فاتورة الإدخال,2026-08-31,City Center Al Zahia BR,مستودع سيتي سنتر الزاهية,HSQB35,1,0,1,34.72,0,34.72,City Center Al Zahia BR [ 53 tape ],Gold,38
202600715,فاتورة الإدخال,2026-08-31,City Center Al Zahia BR,مستودع سيتي سنتر الزاهية,HSQB35,1,0,1,34.72,0,34.72,City Center Al Zahia BR [ 53 tape ],Gold,40
202600715,فاتورة الإدخال,2026-08-31,City Center Al Zahia BR,مستودع سيتي سنتر الزاهية,HSQB35,1,0,1,34.72,0,34.72,City Center Al Zahia BR [ 53 tape ],Gold,41
202600715,فاتورة الإدخال,2026-08-31,City Center Al Zahia BR,مستودع سيتي سنتر الزاهية,HSQB35,1,0,1,34.72,0,34.72,City Center Al Zahia BR [ 53 tape ],Gold,42
202600715,فاتورة الإدخال,2026-08-31,City Center Al Zahia BR,مستودع سيتي سنتر الزاهية,HSQB35,1,0,1,34.72,0,34.72,City Center Al Zahia BR [ 53 tape ],Pewter,36
202600715,فاتورة الإدخال,2026-08-31,City Center Al Zahia BR,مستودع سيتي سنتر الزاهية,HSQB35,1,0,1,34.72,0,34.72,City Center Al Zahia BR [ 53 tape ],Pewter,37
202600715,فاتورة الإدخال,2026-08-31,City Center Al Zahia BR,مستودع سيتي سنتر الزاهية,HSQB35,1,0,1,34.72,0,34.72,City Center Al Zahia BR [ 53 tape ],Pewter,39
202600715,فاتورة الإدخال,2026-08-31,City Center Al Zahia BR,مستودع سيتي سنتر الزاهية,HSQB35,1,0,1,34.72,0,34.72,City Center Al Zahia BR [ 53 tape ],Pewter,40
202600715,فاتورة الإدخال,2026-08-31,City Center Al Zahia BR,مستودع سيتي سنتر الزاهية,HSQB35,1,0,1,34.72,0,34.72,City Center Al Zahia BR [ 53 tape ],Pewter,41
202600715,فاتورة الإدخال,2026-08-31,City Center Al Zahia BR,مستودع سيتي سنتر الزاهية,HSQB35,1,0,1,34.72,0,34.72,City Center Al Zahia BR [ 53 tape ],Pewter,42
202600317,فاتورة الإدخال,2026-06-16,MADINAT ZAYED BR,مستودع مدينة زايد,HSQB43,1,0,1,10,0,10,202600252 OUT TO MADINAT ZAYED,Pewter,36
202600317,فاتورة الإدخال,2026-06-16,MADINAT ZAYED BR,مستودع مدينة زايد,HSQB43,1,0,1,10,0,10,202600252 OUT TO MADINAT ZAYED,Pewter,40
202614038,فاتورة مبيعات سعر نصف الجمله,2026-07-12,MADINAT ZAYED BR,مستودع مدينة زايد,HSQB43,0,1,0,0,27.62,10,,Pewter,40
202600317,فاتورة الإدخال,2026-06-16,MADINAT ZAYED BR,مستودع مدينة زايد,HSQB43,1,0,1,10,0,10,202600252 OUT TO MADINAT ZAYED,Pewter,41
202615676,فاتورة مبيعات سعر نصف الجمله,2026-08-09,MADINAT ZAYED BR,مستودع مدينة زايد,HSQB43,0,1,0,0,27.62,10,,Pewter,41
202600317,فاتورة الإدخال,2026-06-16,MADINAT ZAYED BR,مستودع مدينة زايد,HSQB43,1,0,1,10,0,10,202600252 OUT TO MADINAT ZAYED,Pewter,42
202600027,فاتورة الإدخال,2026-01-10,AJMAN INDUSTRIAL AREA BR,مستودع عجمان الصناعية,HSQB43,2,0,2,10,0,10,نواقص,Black,41
202600779,فاتورة مبيعات سعر المبيع,2026-01-28,AJMAN INDUSTRIAL AREA BR,مستودع عجمان الصناعية,HSQB43,0,1,1,0,37.14,10,,Black,41
202601143,فاتورة مبيعات سعر المبيع,2026-02-09,AJMAN INDUSTRIAL AREA BR,مستودع عجمان الصناعية,HSQB43,0,1,0,0,37.14,10,,Black,41
202600027,فاتورة الإدخال,2026-01-10,AJMAN INDUSTRIAL AREA BR,مستودع عجمان الصناعية,HSQB43,1,0,1,10,0,10,نواقص,Black,42
202600508,فاتورة مبيعات سعر المبيع,2026-01-19,AJMAN INDUSTRIAL AREA BR,مستودع عجمان الصناعية,HSQB43,0,1,0,0,37.14,10,,Black,42
202600027,فاتورة الإدخال,2026-01-10,AJMAN INDUSTRIAL AREA BR,مستودع عجمان الصناعية,HSQB43,1,0,1,10,0,10,نواقص,Silver,37
202600663,فاتورة مبيعات سعر المبيع,2026-01-24,AJMAN INDUSTRIAL AREA BR,مستودع عجمان الصناعية,HSQB43,0,1,0,0,37.14,10,,Silver,37
202600027,فاتورة الإدخال,2026-01-10,AJMAN INDUSTRIAL AREA BR,مستودع عجمان الصناعية,HSQB43,2,0,2,10,0,10,نواقص,Silver,38
202600346,فاتورة مبيعات سعر المبيع,2026-01-13,AJMAN INDUSTRIAL AREA BR,مستودع عجمان الصناعية,HSQB43,0,1,1,0,37.14,10,,Silver,38
202600909,فاتورة مبيعات سعر المبيع,2026-01-31,AJMAN INDUSTRIAL AREA BR,مستودع عجمان الصناعية,HSQB43,0,1,0,0,37.14,10,,Silver,38
202600027,فاتورة الإدخال,2026-01-10,AJMAN INDUSTRIAL AREA BR,مستودع عجمان الصناعية,HSQB43,1,0,1,10,0,10,نواقص,Silver,39
202601019,فاتورة مبيعات سعر المبيع,2026-02-05,AJMAN INDUSTRIAL AREA BR,مستودع عجمان الصناعية,HSQB43,0,1,0,0,37.14,10,,Silver,39
202600027,فاتورة الإدخال,2026-01-10,AJMAN INDUSTRIAL AREA BR,مستودع عجمان الصناعية,HSQB43,2,0,2,10,0,10,نواقص,Silver,41
202600420,فاتورة مبيعات سعر المبيع,2026-01-17,AJMAN INDUSTRIAL AREA BR,مستودع عجمان الصناعية,HSQB43,0,1,1,0,37.14,10,,Silver,41
202601008,فاتورة مبيعات سعر المبيع,2026-02-04,AJMAN INDUSTRIAL AREA BR,مستودع عجمان الصناعية,HSQB43,0,1,0,0,37.14,10,,Silver,41
202600027,فاتورة الإدخال,2026-01-10,AJMAN INDUSTRIAL AREA BR,مستودع عجمان الصناعية,HSQB43,1,0,1,10,0,10,نواقص,Silver,42
202600371,فاتورة مبيعات سعر المبيع,2026-01-14,AJMAN INDUSTRIAL AREA BR,مستودع عجمان الصناعية,HSQB43,0,1,0,0,37.14,10,,Silver,42
202600027,فاتورة الإدخال,2026-01-10,AJMAN INDUSTRIAL AREA BR,مستودع عجمان الصناعية,HSQB43,2,0,2,10,0,10,نواقص,Gold,37
202600594,فاتورة مبيعات سعر المبيع,2026-01-22,AJMAN INDUSTRIAL AREA BR,مستودع عجمان الصناعية,HSQB43,0,1,1,0,37.14,10,,Gold,37
202602465,فاتورة مبيعات سعر المبيع,2026-03-08,AJMAN INDUSTRIAL AREA BR,مستودع عجمان الصناعية,HSQB43,0,1,0,0,37.14,10,,Gold,37
202600137,فاتورة مرتجع مبيعات سعر المبيع,2026-03-08,AJMAN INDUSTRIAL AREA BR,مستودع عجمان الصناعية,HSQB43,1,0,1,37.14,0,10,,Gold,37
202602724,فاتورة مبيعات سعر المبيع,2026-03-10,AJMAN INDUSTRIAL AREA BR,مستودع عجمان الصناعية,HSQB43,0,1,0,0,37.14,10,,Gold,37
202600027,فاتورة الإدخال,2026-01-10,AJMAN INDUSTRIAL AREA BR,مستودع عجمان الصناعية,HSQB43,1,0,1,10,0,10,نواقص,Gold,38
202600841,فاتورة مبيعات سعر المبيع,2026-01-30,AJMAN INDUSTRIAL AREA BR,مستودع عجمان الصناعية,HSQB43,0,1,0,0,37.14,10,,Gold,38
202600027,فاتورة الإدخال,2026-01-10,AJMAN INDUSTRIAL AREA BR,مستودع عجمان الصناعية,HSQB43,2,0,2,10,0,10,نواقص,Gold,40
202600409,فاتورة مبيعات سعر المبيع,2026-01-16,AJMAN INDUSTRIAL AREA BR,مستودع عجمان الصناعية,HSQB43,0,1,1,0,37.14,10,,Gold,40
202601307,فاتورة مبيعات سعر المبيع,2026-02-14,AJMAN INDUSTRIAL AREA BR,مستودع عجمان الصناعية,HSQB43,0,1,0,0,37.14,10,,Gold,40
202600027,فاتورة الإدخال,2026-01-10,AJMAN INDUSTRIAL AREA BR,مستودع عجمان الصناعية,HSQB43,2,0,2,10,0,10,نواقص,Gold,41
202601876,فاتورة مبيعات سعر المبيع,2026-03-01,AJMAN INDUSTRIAL AREA BR,مستودع عجمان الصناعية,HSQB43,0,1,1,0,37.14,10,,Gold,41
202600181,فاتورة مرتجع مبيعات سعر المبيع,2026-03-11,AJMAN INDUSTRIAL AREA BR,مستودع عجمان الصناعية,HSQB43,1,0,2,37.14,0,10,,Gold,41
202603806,فاتورة مبيعات سعر المبيع,2026-03-18,AJMAN INDUSTRIAL AREA BR,مستودع عجمان الصناعية,HSQB43,0,1,1,0,37.14,10,,Gold,41
202604704,فاتورة مبيعات سعر المبيع,2026-04-23,AJMAN INDUSTRIAL AREA BR,مستودع عجمان الصناعية,HSQB43,0,1,0,0,37.14,10,,Gold,41
202600027,فاتورة الإدخال,2026-01-10,AJMAN INDUSTRIAL AREA BR,مستودع عجمان الصناعية,HSQB43,1,0,1,10,0,10,نواقص,Gold,42
202603813,فاتورة مبيعات سعر المبيع,2026-03-18,AJMAN INDUSTRIAL AREA BR,مستودع عجمان الصناعية,HSQB43,0,1,0,0,37.14,10,,Gold,42
202600027,فاتورة الإدخال,2026-01-10,AJMAN INDUSTRIAL AREA BR,مستودع عجمان الصناعية,HSQB43,1,0,1,10,0,10,نواقص,Pewter,36
202600252,فاتورة الإخراج,2026-06-01,AJMAN INDUSTRIAL AREA BR,مستودع عجمان الصناعية,HSQB43,0,1,0,0,10,10,202600252 OUT TO MADINAT ZAYED,Pewter,36
202600027,فاتورة الإدخال,2026-01-10,AJMAN INDUSTRIAL AREA BR,مستودع عجمان الصناعية,HSQB43,2,0,2,10,0,10,نواقص,Pewter,37
202602467,فاتورة مبيعات سعر المبيع,2026-03-08,AJMAN INDUSTRIAL AREA BR,مستودع عجمان الصناعية,HSQB43,0,1,1,0,37.14,10,,Pewter,37
202603982,فاتورة مبيعات سعر المبيع,2026-03-19,AJMAN INDUSTRIAL AREA BR,مستودع عجمان الصناعية,HSQB43,0,1,0,0,37.14,10,,Pewter,37
202600027,فاتورة الإدخال,2026-01-10,AJMAN INDUSTRIAL AREA BR,مستودع عجمان الصناعية,HSQB43,2,0,2,10,0,10,نواقص,Pewter,38
202601099,فاتورة مبيعات سعر المبيع,2026-02-07,AJMAN INDUSTRIAL AREA BR,مستودع عجمان الصناعية,HSQB43,0,1,1,0,37.14,10,,Pewter,38
202604027,فاتورة مبيعات سعر المبيع,2026-03-19,AJMAN INDUSTRIAL AREA BR,مستودع عجمان الصناعية,HSQB43,0,1,0,0,37.14,10,,Pewter,38
202600284,فاتورة مرتجع مبيعات سعر المبيع,2026-03-19,AJMAN INDUSTRIAL AREA BR,مستودع عجمان الصناعية,HSQB43,1,0,1,37.14,0,10,,Pewter,38
202604512,فاتورة مبيعات سعر المبيع,2026-04-12,AJMAN INDUSTRIAL AREA BR,مستودع عجمان الصناعية,HSQB43,0,1,0,0,37.14,10,,Pewter,38
202600027,فاتورة الإدخال,2026-01-10,AJMAN INDUSTRIAL AREA BR,مستودع عجمان الصناعية,HSQB43,2,0,2,10,0,10,نواقص,Pewter,39
202600508,فاتورة مبيعات سعر المبيع,2026-01-19,AJMAN INDUSTRIAL AREA BR,مستودع عجمان الصناعية,HSQB43,0,1,1,0,37.14,10,,Pewter,39
202601022,فاتورة مبيعات سعر المبيع,2026-02-05,AJMAN INDUSTRIAL AREA BR,مستودع عجمان الصناعية,HSQB43,0,1,0,0,37.14,10,,Pewter,39
202600027,فاتورة الإدخال,2026-01-10,AJMAN INDUSTRIAL AREA BR,مستودع عجمان الصناعية,HSQB43,2,0,2,10,0,10,نواقص,Pewter,40
202604102,فاتورة مبيعات سعر المبيع,2026-03-19,AJMAN INDUSTRIAL AREA BR,مستودع عجمان الصناعية,HSQB43,0,1,1,0,37.14,10,,Pewter,40
202600252,فاتورة الإخراج,2026-06-01,AJMAN INDUSTRIAL AREA BR,مستودع عجمان الصناعية,HSQB43,0,1,0,0,10,10,202600252 OUT TO MADINAT ZAYED,Pewter,40
2,فاتورة بضاعة أول المدة,2026-01-01,AJMAN INDUSTRIAL AREA BR,مستودع عجمان الصناعية,HSQB43,1,0,1,38.91,0,38.91,بضاعة أول المدة مولدة من عملية التدوير 01/01/2026,Pewter,41
202600027,فاتورة الإدخال,2026-01-10,AJMAN INDUSTRIAL AREA BR,مستودع عجمان الصناعية,HSQB43,1,0,2,10,0,24.46,نواقص,Pewter,41
202601099,فاتورة مبيعات سعر المبيع,2026-02-07,AJMAN INDUSTRIAL AREA BR,مستودع عجمان الصناعية,HSQB43,0,1,1,0,37.14,24.46,,Pewter,41
202600252,فاتورة الإخراج,2026-06-01,AJMAN INDUSTRIAL AREA BR,مستودع عجمان الصناعية,HSQB43,0,1,0,0,10,24.46,202600252 OUT TO MADINAT ZAYED,Pewter,41
202600027,فاتورة الإدخال,2026-01-10,AJMAN INDUSTRIAL AREA BR,مستودع عجمان الصناعية,HSQB43,1,0,1,10,0,10,نواقص,Pewter,42
202600252,فاتورة الإخراج,2026-06-01,AJMAN INDUSTRIAL AREA BR,مستودع عجمان الصناعية,HSQB43,0,1,0,0,10,10,202600252 OUT TO MADINAT ZAYED,Pewter,42
14,فاتورة بضاعة أول المدة,2026-01-01,Store BR,مستودع الفرط FART,HSQB43,2,0,2,10,0,10,بضاعة أول المدة مولدة من عملية التدوير 01/01/2026,Black,41
202600269,اخراج مواد من مستودع أحذية,2026-01-10,Store BR,مستودع الفرط FART,HSQB43,0,2,0,0,10,10,نواقص,Black,41
14,فاتورة بضاعة أول المدة,2026-01-01,Store BR,مستودع الفرط FART,HSQB43,1,0,1,10,0,10,بضاعة أول المدة مولدة من عملية التدوير 01/01/2026,Black,42
202600269,اخراج مواد من مستودع أحذية,2026-01-10,Store BR,مستودع الفرط FART,HSQB43,0,1,0,0,10,10,نواقص,Black,42
14,فاتورة بضاعة أول المدة,2026-01-01,Store BR,مستودع الفرط FART,HSQB43,1,0,1,10,0,10,بضاعة أول المدة مولدة من عملية التدوير 01/01/2026,Silver,37
202600269,اخراج مواد من مستودع أحذية,2026-01-10,Store BR,مستودع الفرط FART,HSQB43,0,1,0,0,10,10,نواقص,Silver,37
14,فاتورة بضاعة أول المدة,2026-01-01,Store BR,مستودع الفرط FART,HSQB43,2,0,2,10,0,10,بضاعة أول المدة مولدة من عملية التدوير 01/01/2026,Silver,38
202600269,اخراج مواد من مستودع أحذية,2026-01-10,Store BR,مستودع الفرط FART,HSQB43,0,2,0,0,10,10,نواقص,Silver,38
14,فاتورة بضاعة أول المدة,2026-01-01,Store BR,مستودع الفرط FART,HSQB43,1,0,1,10,0,10,بضاعة أول المدة مولدة من عملية التدوير 01/01/2026,Silver,39
202600269,اخراج مواد من مستودع أحذية,2026-01-10,Store BR,مستودع الفرط FART,HSQB43,0,1,0,0,10,10,نواقص,Silver,39
14,فاتورة بضاعة أول المدة,2026-01-01,Store BR,مستودع الفرط FART,HSQB43,2,0,2,10,0,10,بضاعة أول المدة مولدة من عملية التدوير 01/01/2026,Silver,41
202600269,اخراج مواد من مستودع أحذية,2026-01-10,Store BR,مستودع الفرط FART,HSQB43,0,2,0,0,10,10,نواقص,Silver,41
14,فاتورة بضاعة أول المدة,2026-01-01,Store BR,مستودع الفرط FART,HSQB43,1,0,1,10,0,10,بضاعة أول المدة مولدة من عملية التدوير 01/01/2026,Silver,42
202600269,اخراج مواد من مستودع أحذية,2026-01-10,Store BR,مستودع الفرط FART,HSQB43,0,1,0,0,10,10,نواقص,Silver,42
14,فاتورة بضاعة أول المدة,2026-01-01,Store BR,مستودع الفرط FART,HSQB43,2,0,2,10,0,10,بضاعة أول المدة مولدة من عملية التدوير 01/01/2026,Gold,37
202600269,اخراج مواد من مستودع أحذية,2026-01-10,Store BR,مستودع الفرط FART,HSQB43,0,2,0,0,10,10,نواقص,Gold,37
14,فاتورة بضاعة أول المدة,2026-01-01,Store BR,مستودع الفرط FART,HSQB43,1,0,1,10,0,10,بضاعة أول المدة مولدة من عملية التدوير 01/01/2026,Gold,38
202600269,اخراج مواد من مستودع أحذية,2026-01-10,Store BR,مستودع الفرط FART,HSQB43,0,1,0,0,10,10,نواقص,Gold,38
14,فاتورة بضاعة أول المدة,2026-01-01,Store BR,مستودع الفرط FART,HSQB43,2,0,2,10,0,10,بضاعة أول المدة مولدة من عملية التدوير 01/01/2026,Gold,40
202600269,اخراج مواد من مستودع أحذية,2026-01-10,Store BR,مستودع الفرط FART,HSQB43,0,2,0,0,10,10,نواقص,Gold,40
14,فاتورة بضاعة أول المدة,2026-01-01,Store BR,مستودع الفرط FART,HSQB43,2,0,2,10,0,10,بضاعة أول المدة مولدة من عملية التدوير 01/01/2026,Gold,41
202600269,اخراج مواد من مستودع أحذية,2026-01-10,Store BR,مستودع الفرط FART,HSQB43,0,2,0,0,10,10,نواقص,Gold,41
14,فاتورة بضاعة أول المدة,2026-01-01,Store BR,مستودع الفرط FART,HSQB43,1,0,1,10,0,10,بضاعة أول المدة مولدة من عملية التدوير 01/01/2026,Gold,42
202600269,اخراج مواد من مستودع أحذية,2026-01-10,Store BR,مستودع الفرط FART,HSQB43,0,1,0,0,10,10,نواقص,Gold,42
14,فاتورة بضاعة أول المدة,2026-01-01,Store BR,مستودع الفرط FART,HSQB43,1,0,1,10,0,10,بضاعة أول المدة مولدة من عملية التدوير 01/01/2026,Pewter,36
202600269,اخراج مواد من مستودع أحذية,2026-01-10,Store BR,مستودع الفرط FART,HSQB43,0,1,0,0,10,10,نواقص,Pewter,36
14,فاتورة بضاعة أول المدة,2026-01-01,Store BR,مستودع الفرط FART,HSQB43,2,0,2,10,0,10,بضاعة أول المدة مولدة من عملية التدوير 01/01/2026,Pewter,37
202600269,اخراج مواد من مستودع أحذية,2026-01-10,Store BR,مستودع الفرط FART,HSQB43,0,2,0,0,10,10,نواقص,Pewter,37
14,فاتورة بضاعة أول المدة,2026-01-01,Store BR,مستودع الفرط FART,HSQB43,2,0,2,10,0,10,بضاعة أول المدة مولدة من عملية التدوير 01/01/2026,Pewter,38
202600269,اخراج مواد من مستودع أحذية,2026-01-10,Store BR,مستودع الفرط FART,HSQB43,0,2,0,0,10,10,نواقص,Pewter,38
14,فاتورة بضاعة أول المدة,2026-01-01,Store BR,مستودع الفرط FART,HSQB43,2,0,2,10,0,10,بضاعة أول المدة مولدة من عملية التدوير 01/01/2026,Pewter,39
202600269,اخراج مواد من مستودع أحذية,2026-01-10,Store BR,مستودع الفرط FART,HSQB43,0,2,0,0,10,10,نواقص,Pewter,39
14,فاتورة بضاعة أول المدة,2026-01-01,Store BR,مستودع الفرط FART,HSQB43,2,0,2,10,0,10,بضاعة أول المدة مولدة من عملية التدوير 01/01/2026,Pewter,40
202600269,اخراج مواد من مستودع أحذية,2026-01-10,Store BR,مستودع الفرط FART,HSQB43,0,2,0,0,10,10,نواقص,Pewter,40
14,فاتورة بضاعة أول المدة,2026-01-01,Store BR,مستودع الفرط FART,HSQB43,1,0,1,10,0,10,بضاعة أول المدة مولدة من عملية التدوير 01/01/2026,Pewter,41
202600269,اخراج مواد من مستودع أحذية,2026-01-10,Store BR,مستودع الفرط FART,HSQB43,0,1,0,0,10,10,نواقص,Pewter,41
14,فاتورة بضاعة أول المدة,2026-01-01,Store BR,مستودع الفرط FART,HSQB43,1,0,1,10,0,10,بضاعة أول المدة مولدة من عملية التدوير 01/01/2026,Pewter,42
202600269,اخراج مواد من مستودع أحذية,2026-01-10,Store BR,مستودع الفرط FART,HSQB43,0,1,0,0,10,10,نواقص,Pewter,42
1,فاتورة بضاعة أول المدة,2026-01-01,AJMAN CHINA MALL BR,مستودع السوق الصيني عجمان,HSQB43,1,0,1,10,0,10,بضاعة أول المدة مولدة من عملية التدوير 01/01/2026,Silver,36
202600009,فاتورة تسوية سالبة,2026-05-02,AJMAN CHINA MALL BR,مستودع السوق الصيني عجمان,HSQB43,0,1,0,0,10,10,تسوية جردية 02/05/2026,Silver,36
1,فاتورة بضاعة أول المدة,2026-01-01,AJMAN CHINA MALL BR,مستودع السوق الصيني عجمان,HSQB43,1,0,1,10,0,10,بضاعة أول المدة مولدة من عملية التدوير 01/01/2026,Silver,38
202600692,فاتورة مبيعات سعر نصف الجمله,2026-01-10,AJMAN CHINA MALL BR,مستودع السوق الصيني عجمان,HSQB43,0,1,0,0,27.62,10,,Silver,38
1,فاتورة بضاعة أول المدة,2026-01-01,AJMAN CHINA MALL BR,مستودع السوق الصيني عجمان,HSQB43,1,0,1,10,0,10,بضاعة أول المدة مولدة من عملية التدوير 01/01/2026,Silver,41
202600738,فاتورة مبيعات سعر نصف الجمله,2026-01-11,AJMAN CHINA MALL BR,مستودع السوق الصيني عجمان,HSQB43,0,1,0,0,27.62,10,,Silver,41
1,فاتورة بضاعة أول المدة,2026-01-01,AJMAN CHINA MALL BR,مستودع السوق الصيني عجمان,HSQB43,1,0,1,10,0,10,بضاعة أول المدة مولدة من عملية التدوير 01/01/2026,Gold,41
202600368,فاتورة مبيعات سعر نصف الجمله,2026-01-04,AJMAN CHINA MALL BR,مستودع السوق الصيني عجمان,HSQB43,0,1,0,0,27.62,10,,Gold,41
1,فاتورة بضاعة أول المدة,2026-01-01,AJMAN CHINA MALL BR,مستودع السوق الصيني عجمان,HSQB43,1,0,1,10,0,10,بضاعة أول المدة مولدة من عملية التدوير 01/01/2026,Gold,42
202600460,فاتورة مبيعات سعر نصف الجمله,2026-01-06,AJMAN CHINA MALL BR,مستودع السوق الصيني عجمان,HSQB43,0,1,0,0,27.62,10,,Gold,42
1,فاتورة بضاعة أول المدة,2026-01-01,AJMAN CHINA MALL BR,مستودع السوق الصيني عجمان,HSQB43,1,0,1,10,0,10,بضاعة أول المدة مولدة من عملية التدوير 01/01/2026,Pewter,37
202600081,فاتورة مبيعات سعر نصف الجمله,2026-01-02,AJMAN CHINA MALL BR,مستودع السوق الصيني عجمان,HSQB43,0,1,0,0,27.62,10,,Pewter,37
1,فاتورة بضاعة أول المدة,2026-01-01,AJMAN CHINA MALL BR,مستودع السوق الصيني عجمان,HSQB43,1,0,1,10,0,10,بضاعة أول المدة مولدة من عملية التدوير 01/01/2026,Pewter,38
202600141,فاتورة مبيعات سعر نصف الجمله,2026-01-02,AJMAN CHINA MALL BR,مستودع السوق الصيني عجمان,HSQB43,0,1,0,0,25.44,10,,Pewter,38
1,فاتورة بضاعة أول المدة,2026-01-01,AJMAN CHINA MALL BR,مستودع السوق الصيني عجمان,HSQB43,3,0,3,10,0,10,بضاعة أول المدة مولدة من عملية التدوير 01/01/2026,Pewter,39
202600071,فاتورة مبيعات سعر نصف الجمله,2026-01-02,AJMAN CHINA MALL BR,مستودع السوق الصيني عجمان,HSQB43,0,1,2,0,27.62,10,,Pewter,39
202600081,فاتورة مبيعات سعر نصف الجمله,2026-01-02,AJMAN CHINA MALL BR,مستودع السوق الصيني عجمان,HSQB43,0,1,1,0,27.62,10,,Pewter,39
202600141,فاتورة مبيعات سعر نصف الجمله,2026-01-02,AJMAN CHINA MALL BR,مستودع السوق الصيني عجمان,HSQB43,0,1,0,0,25.44,10,,Pewter,39
1,فاتورة بضاعة أول المدة,2026-01-01,AJMAN CHINA MALL BR,مستودع السوق الصيني عجمان,HSQB43,2,0,2,10,0,10,بضاعة أول المدة مولدة من عملية التدوير 01/01/2026,Pewter,40
202600141,فاتورة مبيعات سعر نصف الجمله,2026-01-02,AJMAN CHINA MALL BR,مستودع السوق الصيني عجمان,HSQB43,0,1,1,0,25.44,10,,Pewter,40
202601139,فاتورة مبيعات سعر نصف الجمله,2026-01-17,AJMAN CHINA MALL BR,مستودع السوق الصيني عجمان,HSQB43,0,1,0,0,27.62,10,,Pewter,40
1,فاتورة بضاعة أول المدة,2026-01-01,AJMAN CHINA MALL BR,مستودع السوق الصيني عجمان,HSQB43,6,0,6,10,0,10,بضاعة أول المدة مولدة من عملية التدوير 01/01/2026,Pewter,41
202601216,فاتورة مبيعات سعر نصف الجمله,2026-01-18,AJMAN CHINA MALL BR,مستودع السوق الصيني عجمان,HSQB43,0,1,5,0,27.62,10,,Pewter,41
202601443,فاتورة مبيعات سعر نصف الجمله,2026-01-22,AJMAN CHINA MALL BR,مستودع السوق الصيني عجمان,HSQB43,0,1,4,0,27.62,10,,Pewter,41
202601596,فاتورة مبيعات سعر نصف الجمله,2026-01-25,AJMAN CHINA MALL BR,مستودع السوق الصيني عجمان,HSQB43,0,1,3,0,27.62,10,,Pewter,41
202605171,فاتورة مبيعات سعر نصف الجمله,2026-03-14,AJMAN CHINA MALL BR,مستودع السوق الصيني عجمان,HSQB43,0,1,2,0,27.62,10,,Pewter,41
202609680,فاتورة مبيعات سعر نصف الجمله,2026-05-25,AJMAN CHINA MALL BR,مستودع السوق الصيني عجمان,HSQB43,0,1,1,0,27.62,10,,Pewter,41
202609858,فاتورة مبيعات سعر نصف الجمله,2026-05-26,AJMAN CHINA MALL BR,مستودع السوق الصيني عجمان,HSQB43,0,1,0,0,27.62,10,,Pewter,41
1,فاتورة بضاعة أول المدة,2026-01-01,AJMAN CHINA MALL BR,مستودع السوق الصيني عجمان,HSQB43,3,0,3,10,0,10,بضاعة أول المدة مولدة من عملية التدوير 01/01/2026,Pewter,42
202602877,فاتورة مبيعات سعر نصف الجمله,2026-02-14,AJMAN CHINA MALL BR,مستودع السوق الصيني عجمان,HSQB43,0,1,2,0,27.62,10,,Pewter,42
202605559,فاتورة مبيعات سعر نصف الجمله,2026-03-16,AJMAN CHINA MALL BR,مستودع السوق الصيني عجمان,HSQB43,0,1,1,0,27.62,10,,Pewter,42
202609321,فاتورة مبيعات سعر نصف الجمله,2026-05-23,AJMAN CHINA MALL BR,مستودع السوق الصيني عجمان,HSQB43,0,1,0,0,27.62,10,,Pewter,42
